#times,#rank,#character
1921,1,的
954,2,一
481,3,是
403,4,你
400,5,在
393,6,不
336,7,我
333,8,了
229,9,那
225,10,來
219,11,有
207,12,下
196,13,人
192,14,上
183,15,地
166,16,著
158,17,風
155,18,水
151,19,去
149,20,天
147,21,年
143,22,頭
135,23,海
133,24,而
132,25,到
131,26,長
127,27,回
125,28,就
123,29,子
123,30,過
122,31,後
119,32,這
118,33,都
116,34,只
116,35,無
112,36,向
111,37,也
110,38,個
109,39,手
109,40,遠
109,41,夜
109,42,聲
106,43,從
99,44,和
95,45,輕
94,46,千
94,47,山
93,48,裡
92,49,裏
91,50,大
91,51,光
90,52,小
89,53,啊
89,54,多
88,55,中
87,56,麼
87,57,雨
87,58,成
86,59,面
85,60,把
85,61,落
85,62,起
84,63,白
83,64,出
83,65,又
82,66,月
82,67,要
81,68,樣
81,69,時
80,70,燈
79,71,說
78,72,搖
76,73,然
75,74,更
75,75,已
75,76,空
74,77,得
72,78,為
72,79,最
70,80,如
70,81,青
69,82,高
69,83,還
69,84,聽
68,85,日
67,86,半
65,87,十
65,88,深
64,89,開
64,90,他
63,91,外
63,92,江
62,93,心
62,94,自
61,95,色
60,96,看
60,97,邊
60,98,滿
59,99,方
58,100,能
58,101,所
58,102,再
58,103,對
57,104,太
57,105,之
56,106,少
56,107,夢
56,108,讓
56,109,四
56,110,或
55,111,黃
55,112,黑
54,113,幾
54,114,眼
53,115,怎
52,116,清
52,117,生
51,118,該
51,119,知
51,120,細
50,121,似
50,122,見
50,123,路
50,124,流
49,125,髮
49,126,三
49,127,笑
49,128,南
49,129,間
48,130,河
48,131,呢
47,132,像
47,133,音
47,134,動
47,135,處
47,136,仙
47,137,給
46,138,走
46,139,冷
46,140,古
46,141,陽
46,142,可
45,143,老
45,144,歌
45,145,驚
45,146,斷
45,147,前
44,148,世
44,149,花
44,150,神
44,151,正
44,152,何
43,153,口
43,154,東
43,155,樓
43,156,火
43,157,吧
43,158,問
42,159,誰
42,160,望
42,161,低
41,162,紅
41,163,與
41,164,當
41,165,依
40,166,茫
40,167,什
40,168,便
40,169,萬
39,170,永
39,171,經
39,172,吹
39,173,晚
39,174,西
38,175,城
38,176,家
38,177,重
38,178,們
38,179,石
38,180,北
38,181,道
38,182,星
38,183,明
37,184,氣
37,185,隻
37,186,醒
37,187,鄉
37,188,留
37,189,秋
37,190,今
36,191,飛
36,192,失
36,193,金
36,194,會
36,195,身
35,196,信
35,197,雲
35,198,國
35,199,此
35,200,飄
35,201,悠
34,202,島
34,203,界
34,204,於
34,205,切
34,206,香
34,207,浪
34,208,歸
34,209,七
34,210,才
34,211,點
34,212,窗
33,213,美
33,214,樹
33,215,想
33,216,全
33,217,帶
33,218,隱
33,219,影
32,220,未
32,221,些
32,222,竟
32,223,接
32,224,沉
32,225,等
32,226,嗎
31,227,張
31,228,原
31,229,血
31,230,住
31,231,行
31,232,卻
30,233,溫
30,234,雪
30,235,門
30,236,公
30,237,背
30,238,用
30,239,被
29,240,片
29,241,親
29,242,兩
29,243,鏡
29,244,盡
29,245,進
28,246,好
28,247,苦
28,248,靜
28,249,船
28,250,傳
28,251,岸
28,252,波
28,253,暗
28,254,煙
27,255,她
27,256,入
27,257,轉
27,258,潮
27,259,哪
27,260,握
27,261,寂
27,262,巷
27,263,齒
26,264,座
26,265,酒
26,266,耳
26,267,以
26,268,霞
26,269,肥
26,270,五
26,271,悲
26,272,名
26,273,相
26,274,底
26,275,怕
26,276,六
25,277,總
25,278,死
25,279,頂
25,280,母
25,281,猶
25,282,土
25,283,昏
25,284,亮
25,285,絕
25,286,士
25,287,縱
25,288,鋸
24,289,條
24,290,車
24,291,掌
24,292,叫
24,293,盞
24,294,馬
24,295,迴
24,296,層
24,297,慢
23,298,放
23,299,圓
23,300,安
23,301,將
23,302,哀
23,303,九
23,304,詩
23,305,纖
23,306,越
23,307,季
23,308,線
22,309,果
22,310,孩
22,311,記
22,312,亂
22,313,打
22,314,沙
22,315,田
22,316,里
22,317,夏
22,318,比
22,319,每
22,320,滾
22,321,同
22,322,沒
22,323,難
22,324,湖
22,325,真
21,326,街
21,327,代
21,328,戰
21,329,嘯
21,330,龍
21,331,平
21,332,分
21,333,峽
21,334,關
21,335,話
21,336,者
21,337,破
21,338,熱
21,339,壓
21,340,做
21,341,曾
21,342,跟
21,343,故
21,344,事
21,345,輪
21,346,認
21,347,百
20,348,燒
20,349,陸
20,350,柔
20,351,指
20,352,呼
20,353,淺
20,354,己
20,355,鳥
20,356,意
20,357,渡
20,358,絲
20,359,蒼
20,360,客
20,361,密
20,362,港
19,363,杯
19,364,仰
19,365,冰
19,366,久
19,367,候
19,368,壁
19,369,傷
19,370,直
19,371,午
19,372,笛
19,373,新
19,374,陣
19,375,斜
19,376,壯
19,377,童
19,378,情
19,379,垂
19,380,葉
19,381,隔
19,382,迷
19,383,端
19,384,八
18,385,歲
18,386,舊
18,387,民
18,388,睡
18,389,哭
18,390,印
18,391,根
18,392,圍
18,393,鬼
18,394,魚
18,395,甘
18,396,甜
18,397,愁
18,398,機
18,399,獨
18,400,玻
18,401,璃
18,402,睛
18,403,淡
18,404,顧
18,405,夠
18,406,短
17,407,答
17,408,麗
17,409,舉
17,410,揮
17,411,早
17,412,草
17,413,嫋
17,414,追
17,415,力
17,416,命
17,417,仍
17,418,愈
17,419,景
17,420,由
17,421,暮
17,422,目
17,423,二
17,424,緊
17,425,照
17,426,孤
17,427,扇
16,428,衣
16,429,右
16,430,左
16,431,唇
16,432,臉
16,433,臂
16,434,現
16,435,發
16,436,鼓
16,437,旗
16,438,探
16,439,塔
16,440,盤
16,441,塊
16,442,劍
16,443,究
16,444,應
16,445,倒
16,446,荒
16,447,尾
16,448,恆
16,449,隨
16,450,滔
16,451,它
16,452,守
16,453,角
16,454,靈
16,455,魂
16,456,幽
16,457,灰
16,458,透
16,459,莫
16,460,場
16,461,論
15,462,枕
15,463,友
15,464,憶
15,465,尋
15,466,字
15,467,整
15,468,列
15,469,敲
15,470,眠
15,471,史
15,472,藍
15,473,首
15,474,濕
15,475,截
15,476,撥
15,477,找
15,478,眾
15,479,觸
15,480,滴
15,481,霧
15,482,翻
15,483,側
15,484,蹄
15,485,籃
15,486,遊
15,487,骨
15,488,陰
15,489,顫
15,490,銀
15,491,境
15,492,翩
15,493,許
14,494,雙
14,495,腳
14,496,體
14,497,幸
14,498,忘
14,499,紋
14,500,牧
14,501,瓜
14,502,電
14,503,始
14,504,蛙
14,505,游
14,506,霜
14,507,終
14,508,熟
14,509,牽
14,510,第
14,511,近
14,512,楚
14,513,烈
14,514,燦
14,515,野
14,516,期
14,517,台
14,518,排
14,519,脈
14,520,非
13,521,梳
13,522,愛
13,523,化
13,524,晶
13,525,結
13,526,群
13,527,喊
13,528,橋
13,529,奇
13,530,味
13,531,種
13,532,閃
13,533,閉
13,534,露
13,535,黯
13,536,燭
13,537,伸
13,538,豪
13,539,快
13,540,乘
13,541,節
12,542,肯
12,543,嚀
12,544,斑
12,545,烏
12,546,變
12,547,屏
12,548,渾
12,549,瘦
12,550,語
12,551,撼
12,552,推
12,553,須
12,554,轟
12,555,即
12,556,響
12,557,降
12,558,疊
12,559,待
12,560,貴
12,561,湘
12,562,塵
12,563,網
12,564,涼
12,565,傘
12,566,迎
12,567,戶
12,568,別
12,569,停
12,570,朝
12,571,狠
12,572,復
12,573,遍
12,574,交
12,575,精
12,576,象
12,577,定
12,578,秦
12,579,唯
11,580,次
11,581,案
11,582,惡
11,583,算
11,584,女
11,585,狂
11,586,林
11,587,唱
11,588,痕
11,589,刀
11,590,痛
11,591,郵
11,592,典
11,593,通
11,594,反
11,595,旋
11,596,牆
11,597,必
11,598,兵
11,599,騎
11,600,奔
11,601,突
11,602,彎
11,603,單
11,604,禮
11,605,餘
11,606,寸
11,607,春
11,608,屋
11,609,粒
11,610,送
11,611,拳
11,612,赫
11,613,凡
11,614,立
11,615,汗
11,616,盪
11,617,洞
11,618,木
11,619,柱
11,620,登
11,621,連
11,622,川
11,623,興
11,624,剛
11,625,念
11,626,伴
11,627,書
11,628,位
11,629,貨
11,630,刻
11,631,若
11,632,吐
11,633,摺
11,634,拉
11,635,紗
11,636,吟
11,637,聞
10,638,嘴
10,639,另
10,640,猛
10,641,鷗
10,642,球
10,643,合
10,644,內
10,645,鹹
10,646,市
10,647,赤
10,648,亦
10,649,任
10,650,寒
10,651,先
10,652,殺
10,653,屬
10,654,稀
10,655,感
10,656,泥
10,657,容
10,658,收
10,659,朵
10,660,思
10,661,運
10,662,井
10,663,劫
10,664,華
10,665,額
10,666,除
10,667,吾
10,668,穿
10,669,紛
10,670,眉
10,671,腰
10,672,堤
10,673,謂
10,674,橫
10,675,秘
10,676,雄
10,677,薄
10,678,微
10,679,疑
10,680,幻
10,681,求
10,682,超
10,683,速
10,684,加
10,685,雷
10,686,寞
10,687,踏
10,688,濛
10,689,孔
9,690,鞋
9,691,叮
9,692,亡
9,693,且
9,694,暖
9,695,族
9,696,匹
9,697,激
9,698,鼾
9,699,歷
9,700,怒
9,701,枝
9,702,作
9,703,浮
9,704,祖
9,705,曲
9,706,形
9,707,隊
9,708,亭
9,709,常
9,710,號
9,711,抽
9,712,朽
9,713,幢
9,714,漢
9,715,怪
9,716,投
9,717,至
9,718,繞
9,719,州
9,720,足
9,721,醉
9,722,召
9,723,寫
9,724,際
9,725,奮
9,726,谷
9,727,初
9,728,受
9,729,步
9,730,敢
9,731,撞
9,732,英
9,733,阿
9,734,謠
9,735,坦
9,736,洪
9,737,巴
9,738,恍
9,739,揚
9,740,偏
9,741,暑
9,742,站
9,743,禁
9,744,恨
9,745,遙
9,746,鐵
9,747,暴
9,748,貼
8,749,燃
8,750,票
8,751,霏
8,752,懷
8,753,牙
8,754,松
8,755,棠
8,756,圖
8,757,途
8,758,鬚
8,759,忽
8,760,墓
8,761,淒
8,762,夫
8,763,羅
8,764,姿
8,765,載
8,766,曠
8,767,使
8,768,鏗
8,769,鋤
8,770,淚
8,771,慶
8,772,磨
8,773,爛
8,774,巧
8,775,腕
8,776,引
8,777,梅
8,778,芬
8,779,慣
8,780,句
8,781,升
8,782,舟
8,783,本
8,784,但
8,785,爬
8,786,咳
8,787,因
8,788,學
8,789,歡
8,790,袖
8,791,渦
8,792,告
8,793,拜
8,794,漸
8,795,緣
8,796,警
8,797,靠
8,798,宿
8,799,頑
8,800,準
8,801,言
8,802,私
8,803,蟲
8,804,盆
8,805,觀
8,806,浩
8,807,倦
8,808,選
8,809,晝
8,810,夭
8,811,嘶
8,812,眸
8,813,壺
8,814,奏
8,815,招
8,816,霍
8,817,睫
7,818,顆
7,819,狗
7,820,止
7,821,欲
7,822,魘
7,823,銅
7,824,昂
7,825,濤
7,826,喧
7,827,乎
7,828,巫
7,829,胸
7,830,挑
7,831,裸
7,832,蔗
7,833,床
7,834,坐
7,835,陌
7,836,胖
7,837,琴
7,838,綠
7,839,蠢
7,840,歇
7,841,裂
7,842,騰
7,843,尺
7,844,曳
7,845,呵
7,846,覺
7,847,矯
7,848,俯
7,849,凜
7,850,胡
7,851,簇
7,852,罷
7,853,胎
7,854,憂
7,855,澀
7,856,尖
7,857,芳
7,858,飲
7,859,般
7,860,濃
7,861,森
7,862,集
7,863,其
7,864,脆
7,865,斗
7,866,遮
7,867,瀝
7,868,鬱
7,869,鞭
7,870,證
7,871,催
7,872,齊
7,873,陪
7,874,闊
7,875,瓶
7,876,險
7,877,謫
7,878,旁
7,879,蜀
7,880,參
7,881,部
7,882,犯
7,883,紫
7,884,帝
7,885,調
7,886,刺
7,887,彈
7,888,驟
7,889,君
7,890,夕
7,891,雞
7,892,怯
7,893,末
7,894,強
7,895,軌
7,896,遁
7,897,汽
7,898,瓣
7,899,鬧
7,900,恢
7,901,圈
7,902,休
7,903,熄
7,904,逝
6,905,踢
6,906,換
6,907,抵
6,908,抗
6,909,嚶
6,910,癢
6,911,蹤
6,912,抖
6,913,潔
6,914,烘
6,915,約
6,916,散
6,917,昇
6,918,汪
6,919,塘
6,920,活
6,921,鼻
6,922,甚
6,923,纍
6,924,窄
6,925,矮
6,926,筒
6,927,淨
6,928,咕
6,929,呱
6,930,管
6,931,腔
6,932,珠
6,933,捉
6,934,蘇
6,935,泳
6,936,肌
6,937,奶
6,938,房
6,939,鱗
6,940,勝
6,941,敗
6,942,逆
6,943,頰
6,944,器
6,945,墨
6,946,巨
6,947,酣
6,948,奴
6,949,陵
6,950,戲
6,951,箭
6,952,軍
6,953,碧
6,954,震
6,955,寐
6,956,唉
6,957,級
6,958,蟋
6,959,蟀
6,960,愕
6,961,領
6,962,宮
6,963,菜
6,964,病
6,965,冥
6,966,憤
6,967,哎
6,968,珍
6,969,藏
6,970,藥
6,971,油
6,972,航
6,973,封
6,974,殘
6,975,拂
6,976,僧
6,977,寧
6,978,眈
6,979,割
6,980,共
6,981,弟
6,982,魄
6,983,志
6,984,焦
6,985,剩
6,986,桌
6,987,威
6,988,櫃
6,989,壞
6,990,況
6,991,嚴
6,992,澎
6,993,艘
6,994,惑
6,995,程
6,996,掃
6,997,匆
6,998,純
6,999,偷
6,1000,毒
6,1001,攏
6,1002,串
6,1003,湃
6,1004,苔
6,1005,曙
6,1006,栩
6,1007,臨
6,1008,坡
6,1009,敵
6,1010,峰
6,1011,豈
6,1012,負
6,1013,腸
6,1014,寬
6,1015,買
6,1016,馴
6,1017,爐
6,1018,蠱
6,1019,鍊
6,1020,防
6,1021,唐
6,1022,冬
6,1023,逃
6,1024,灘
6,1025,珊
6,1026,李
6,1027,惚
6,1028,茶
6,1029,魔
6,1030,隆
6,1031,妙
6,1032,默
6,1033,叩
6,1034,喜
6,1035,縷
6,1036,臺
6,1037,廬
5,1038,吻
5,1039,婉
5,1040,斯
5,1041,舔
5,1042,棉
5,1043,零
5,1044,訴
5,1045,厲
5,1046,法
5,1047,肺
5,1048,咒
5,1049,視
5,1050,毛
5,1051,寶
5,1052,蕉
5,1053,撲
5,1054,墳
5,1055,灣
5,1056,息
5,1057,肚
5,1058,委
5,1059,複
5,1060,暈
5,1061,霹
5,1062,靂
5,1063,拍
5,1064,離
5,1065,罪
5,1066,靨
5,1067,態
5,1068,吸
5,1069,聖
5,1070,頁
5,1071,武
5,1072,困
5,1073,拔
5,1074,輸
5,1075,傾
5,1076,蔭
5,1077,雕
5,1078,慈
5,1079,蓬
5,1080,莖
5,1081,完
5,1082,窮
5,1083,索
5,1084,嬰
5,1085,異
5,1086,滋
5,1087,臘
5,1088,誦
5,1089,兒
5,1090,講
5,1091,架
5,1092,韻
5,1093,掛
5,1094,芒
5,1095,逐
5,1096,跑
5,1097,肩
5,1098,玩
5,1099,吃
5,1100,患
5,1101,標
5,1102,膀
5,1103,勃
5,1104,戴
5,1105,裝
5,1106,貫
5,1107,羞
5,1108,易
5,1109,蝕
5,1110,蓋
5,1111,解
5,1112,摸
5,1113,艷
5,1114,衝
5,1115,善
5,1116,蹲
5,1117,蜓
5,1118,健
5,1119,伶
5,1120,膜
5,1121,針
5,1122,遲
5,1123,伏
5,1124,師
5,1125,文
5,1126,樂
5,1127,仲
5,1128,郎
5,1129,悍
5,1130,蠟
5,1131,殷
5,1132,勤
5,1133,令
5,1134,醫
5,1135,俠
5,1136,提
5,1137,官
5,1138,崖
5,1139,往
5,1140,碎
5,1141,擋
5,1142,巡
5,1143,阻
5,1144,理
5,1145,澹
5,1146,爭
5,1147,拋
5,1148,物
5,1149,舞
5,1150,及
5,1151,預
5,1152,劇
5,1153,蕩
5,1154,憐
5,1155,承
5,1156,螢
5,1157,蠻
5,1158,躲
5,1159,碟
5,1160,假
5,1161,磁
5,1162,周
5,1163,漏
5,1164,跨
5,1165,贈
5,1166,鎖
5,1167,擊
5,1168,渺
5,1169,元
5,1170,乍
5,1171,咸
5,1172,料
5,1173,肅
5,1174,陷
5,1175,救
5,1176,哦
5,1177,蛋
5,1178,辰
5,1179,跳
5,1180,利
5,1181,術
5,1182,付
5,1183,冠
5,1184,識
5,1185,弄
5,1186,嶺
5,1187,奈
5,1188,數
5,1189,畔
5,1190,哩
5,1191,玲
5,1192,瓏
5,1193,彼
5,1194,裔
5,1195,荷
4,1196,輩
4,1197,抱
4,1198,謎
4,1199,踐
4,1200,摩
4,1201,覓
4,1202,皮
4,1203,犬
4,1204,錯
4,1205,峭
4,1206,蘭
4,1207,凍
4,1208,幅
4,1209,駛
4,1210,腹
4,1211,黛
4,1212,玄
4,1213,舌
4,1214,喉
4,1215,砂
4,1216,迸
4,1217,撐
4,1218,躍
4,1219,髯
4,1220,擾
4,1221,騷
4,1222,源
4,1223,乳
4,1224,崙
4,1225,挺
4,1226,頸
4,1227,惶
4,1228,射
4,1229,乾
4,1230,颱
4,1231,萊
4,1232,沃
4,1233,緩
4,1234,餵
4,1235,充
4,1236,翹
4,1237,鮮
4,1238,攤
4,1239,詠
4,1240,朋
4,1241,勁
4,1242,咦
4,1243,穹
4,1244,淋
4,1245,漓
4,1246,湄
4,1247,掙
4,1248,啾
4,1249,飯
4,1250,缽
4,1251,讀
4,1252,很
4,1253,袋
4,1254,邃
4,1255,誘
4,1256,礦
4,1257,塌
4,1258,葬
4,1259,峻
4,1260,恐
4,1261,嗽
4,1262,吞
4,1263,靴
4,1264,黎
4,1265,掉
4,1266,映
4,1267,廚
4,1268,晴
4,1269,牛
4,1270,院
4,1271,哼
4,1272,堆
4,1273,籍
4,1274,害
4,1275,皺
4,1276,逼
4,1277,紀
4,1278,捲
4,1279,漩
4,1280,工
4,1281,賸
4,1282,蜻
4,1283,翼
4,1284,侶
4,1285,鐘
4,1286,蜿
4,1287,展
4,1288,逸
4,1289,退
4,1290,驍
4,1291,悸
4,1292,段
4,1293,蕊
4,1294,店
4,1295,喝
4,1296,硬
4,1297,統
4,1298,計
4,1299,限
4,1300,王
4,1301,懸
4,1302,沫
4,1303,攔
4,1304,踞
4,1305,岬
4,1306,備
4,1307,覆
4,1308,主
4,1309,刷
4,1310,廣
4,1311,度
4,1312,媚
4,1313,蠕
4,1314,瞳
4,1315,含
4,1316,值
4,1317,取
4,1318,甲
4,1319,曉
4,1320,瀉
4,1321,竹
4,1322,閣
4,1323,遺
4,1324,辜
4,1325,避
4,1326,改
4,1327,酸
4,1328,孫
4,1329,添
4,1330,鎮
4,1331,克
4,1332,稜
4,1333,厚
4,1334,棋
4,1335,紙
4,1336,縫
4,1337,窺
4,1338,蹟
4,1339,惜
4,1340,征
4,1341,緯
4,1342,禽
4,1343,鳴
4,1344,繫
4,1345,菊
4,1346,達
4,1347,橘
4,1348,漁
4,1349,嘆
4,1350,淘
4,1351,蟠
4,1352,稚
4,1353,繼
4,1354,迢
4,1355,京
4,1356,鴣
4,1357,鷺
4,1358,貶
4,1359,鴻
4,1360,蜃
4,1361,廟
4,1362,冉
4,1363,顏
4,1364,喃
4,1365,扁
4,1366,繡
4,1367,髣
4,1368,煎
4,1369,蟬
4,1370,瞥
4,1371,凌
4,1372,護
4,1373,挽
4,1374,跌
4,1375,柄
4,1376,寄
4,1377,搏
4,1378,試
4,1379,鳶
4,1380,倘
4,1381,誤
4,1382,繩
4,1383,叢
4,1384,剌
4,1385,籟
4,1386,鋼
4,1387,攘
4,1388,騾
4,1389,竿
3,1390,闖
3,1391,癖
3,1392,福
3,1393,棒
3,1394,捶
3,1395,缺
3,1396,鴉
3,1397,囂
3,1398,攫
3,1399,豹
3,1400,洋
3,1401,蓮
3,1402,廈
3,1403,量
3,1404,性
3,1405,型
3,1406,臟
3,1407,希
3,1408,區
3,1409,劈
3,1410,娘
3,1411,匣
3,1412,寓
3,1413,則
3,1414,堞
3,1415,嘉
3,1416,濺
3,1417,洗
3,1418,溺
3,1419,恰
3,1420,辛
3,1421,崑
3,1422,勢
3,1423,順
3,1424,筆
3,1425,恫
3,1426,杖
3,1427,鏘
3,1428,匈
3,1429,于
3,1430,弦
3,1431,咬
3,1432,羽
3,1433,謝
3,1434,富
3,1435,屹
3,1436,孕
3,1437,媽
3,1438,繚
3,1439,豐
3,1440,縮
3,1441,匍
3,1442,踩
3,1443,跡
3,1444,睞
3,1445,玉
3,1446,勿
3,1447,測
3,1448,剪
3,1449,燙
3,1450,擒
3,1451,涕
3,1452,米
3,1453,慰
3,1454,冕
3,1455,蝶
3,1456,翅
3,1457,疲
3,1458,勞
3,1459,燼
3,1460,竄
3,1461,剖
3,1462,淹
3,1463,崩
3,1464,蛛
3,1465,捧
3,1466,肉
3,1467,釀
3,1468,摘
3,1469,漾
3,1470,朗
3,1471,箱
3,1472,蘆
3,1473,雁
3,1474,紹
3,1475,靄
3,1476,旭
3,1477,畫
3,1478,婆
3,1479,辦
3,1480,炊
3,1481,擺
3,1482,織
3,1483,仃
3,1484,跪
3,1485,槳
3,1486,妖
3,1487,舷
3,1488,徑
3,1489,搗
3,1490,冊
3,1491,拿
3,1492,炮
3,1493,倍
3,1494,屈
3,1495,亞
3,1496,眷
3,1497,忌
3,1498,斟
3,1499,肝
3,1500,賀
3,1501,墊
3,1502,贏
3,1503,染
3,1504,赴
3,1505,徹
3,1506,獰
3,1507,佛
3,1508,件
3,1509,簽
3,1510,哈
3,1511,題
3,1512,泊
3,1513,瀟
3,1514,帚
3,1515,助
3,1516,災
3,1517,兆
3,1518,獄
3,1519,億
3,1520,極
3,1521,堪
3,1522,雀
3,1523,薰
3,1524,拾
3,1525,潤
3,1526,憑
3,1527,抬
3,1528,鄰
3,1529,妻
3,1530,筋
3,1531,施
3,1532,素
3,1533,託
3,1534,供
3,1535,眺
3,1536,杏
3,1537,剝
3,1538,蒲
3,1539,穩
3,1540,炎
3,1541,昧
3,1542,考
3,1543,嬋
3,1544,娟
3,1545,簡
3,1546,墜
3,1547,忍
3,1548,習
3,1549,涯
3,1550,羨
3,1551,槍
3,1552,慷
3,1553,慨
3,1554,弓
3,1555,矛
3,1556,袍
3,1557,局
3,1558,桃
3,1559,陶
3,1560,律
3,1561,修
3,1562,姓
3,1563,博
3,1564,館
3,1565,嘩
3,1566,嚷
3,1567,徐
3,1568,男
3,1569,討
3,1570,階
3,1571,欺
3,1572,詭
3,1573,牢
3,1574,啟
3,1575,皎
3,1576,檣
3,1577,駭
3,1578,漠
3,1579,沿
3,1580,衛
3,1581,傲
3,1582,冒
3,1583,滅
3,1584,堂
3,1585,墾
3,1586,丁
3,1587,攀
3,1588,絢
3,1589,繁
3,1590,霎
3,1591,徘
3,1592,徊
3,1593,驅
3,1594,寵
3,1595,盒
3,1596,洲
3,1597,跤
3,1598,翠
3,1599,踹
3,1600,湧
3,1601,漲
3,1602,匡
3,1603,猿
3,1604,消
3,1605,楓
3,1606,啼
3,1607,折
3,1608,佈
3,1609,欄
3,1610,疎
3,1611,壘
3,1612,杜
3,1613,怨
3,1614,皆
3,1615,囚
3,1616,稱
3,1617,巾
3,1618,煮
3,1619,凝
3,1620,急
3,1621,衫
3,1622,酷
3,1623,特
3,1624,襲
3,1625,餅
3,1626,梯
3,1627,鬢
3,1628,嫵
3,1629,綻
3,1630,鈴
3,1631,彩
3,1632,酥
3,1633,戳
3,1634,箋
3,1635,班
3,1636,泣
3,1637,螺
3,1638,環
3,1639,宛
3,1640,邈
3,1641,蹴
3,1642,鞍
3,1643,肘
3,1644,競
3,1645,纏
3,1646,鉗
3,1647,敏
3,1648,捷
3,1649,擰
2,1650,嚥
2,1651,基
2,1652,饞
2,1653,嗅
2,1654,闔
2,1655,各
2,1656,狼
2,1657,吠
2,1658,柯
2,1659,磔
2,1660,宜
2,1661,錢
2,1662,削
2,1663,疤
2,1664,蟹
2,1665,扭
2,1666,檢
2,1667,閱
2,1668,株
2,1669,阡
2,1670,縣
2,1671,枚
2,1672,園
2,1673,蹂
2,1674,躪
2,1675,臍
2,1676,屜
2,1677,池
2,1678,頓
2,1679,歪
2,1680,磚
2,1681,弔
2,1682,磯
2,1683,滌
2,1684,祝
2,1685,吮
2,1686,灌
2,1687,液
2,1688,核
2,1689,沌
2,1690,勇
2,1691,扶
2,1692,戈
2,1693,灞
2,1694,幼
2,1695,虎
2,1696,羌
2,1697,魁
2,1698,邦
2,1699,項
2,1700,鳳
2,1701,梨
2,1702,嶼
2,1703,琢
2,1704,瑩
2,1705,撫
2,1706,膩
2,1707,飽
2,1708,膨
2,1709,脹
2,1710,脯
2,1711,匐
2,1712,蒂
2,1713,恩
2,1714,噸
2,1715,產
2,1716,眄
2,1717,瓢
2,1718,沸
2,1719,股
2,1720,談
2,1721,辣
2,1722,殼
2,1723,沁
2,1724,服
2,1725,豎
2,1726,灶
2,1727,炬
2,1728,賽
2,1729,聚
2,1730,蒸
2,1731,矗
2,1732,症
2,1733,蝴
2,1734,箏
2,1735,弱
2,1736,瘟
2,1737,戀
2,1738,柴
2,1739,蟑
2,1740,螂
2,1741,鶴
2,1742,穴
2,1743,斃
2,1744,摧
2,1745,埋
2,1746,怖
2,1747,蜘
2,1748,丸
2,1749,吉
2,1750,父
2,1751,棧
2,1752,帽
2,1753,爽
2,1754,義
2,1755,肢
2,1756,梧
2,1757,桐
2,1758,簷
2,1759,瓦
2,1760,惘
2,1761,竅
2,1762,確
2,1763,鑿
2,1764,願
2,1765,噢
2,1766,爪
2,1767,擔
2,1768,溝
2,1769,磅
2,1770,礡
2,1771,嶽
2,1772,致
2,1773,鬣
2,1774,兄
2,1775,蕭
2,1776,惻
2,1777,鏽
2,1778,啞
2,1779,潼
2,1780,氏
2,1781,禱
2,1782,鴿
2,1783,符
2,1784,吼
2,1785,膽
2,1786,噪
2,1787,嚇
2,1788,德
2,1789,狄
2,1790,擂
2,1791,焰
2,1792,隙
2,1793,雛
2,1794,偶
2,1795,倫
2,1796,勸
2,1797,昨
2,1798,塗
2,1799,呀
2,1800,祥
2,1801,抓
2,1802,駕
2,1803,章
2,1804,保
2,1805,版
2,1806,規
2,1807,維
2,1808,危
2,1809,決
2,1810,呆
2,1811,彷
2,1812,廓
2,1813,獸
2,1814,岩
2,1815,距
2,1816,借
2,1817,妃
2,1818,革
2,1819,監
2,1820,譜
2,1821,踽
2,1822,灑
2,1823,拖
2,1824,脅
2,1825,譴
2,1826,馳
2,1827,噴
2,1828,髒
2,1829,迫
2,1830,哮
2,1831,喘
2,1832,懨
2,1833,矇
2,1834,托
2,1835,檐
2,1836,室
2,1837,馨
2,1838,耿
2,1839,份
2,1840,崎
2,1841,嶇
2,1842,具
2,1843,棄
2,1844,熊
2,1845,旅
2,1846,淙
2,1847,錄
2,1848,輾
2,1849,聊
2,1850,夷
2,1851,炸
2,1852,挖
2,1853,嗶
2,1854,葛
2,1855,壽
2,1856,布
2,1857,穀
2,1858,混
2,1859,府
2,1860,派
2,1861,輝
2,1862,雅
2,1863,鷹
2,1864,甸
2,1865,納
2,1866,缸
2,1867,槌
2,1868,莉
2,1869,廳
2,1870,砰
2,1871,價
2,1872,鬆
2,1873,睜
2,1874,瞞
2,1875,皇
2,1876,坑
2,1877,俑
2,1878,嬴
2,1879,漆
2,1880,伍
2,1881,緘
2,1882,尊
2,1883,泠
2,1884,龜
2,1885,弧
2,1886,祕
2,1887,豔
2,1888,錨
2,1889,桅
2,1890,艇
2,1891,誕
2,1892,表
2,1893,仇
2,1894,誼
2,1895,擁
2,1896,柩
2,1897,擡
2,1898,盔
2,1899,顛
2,1900,艙
2,1901,闃
2,1902,塞
2,1903,瓷
2,1904,緻
2,1905,澤
2,1906,品
2,1907,啤
2,1908,罐
2,1909,准
2,1910,畝
2,1911,嶙
2,1912,峋
2,1913,雜
2,1914,噓
2,1915,固
2,1916,較
2,1917,錚
2,1918,咆
2,1919,顱
2,1920,禿
2,1921,聯
2,1922,昆
2,1923,妝
2,1924,趁
2,1925,漂
2,1926,瘴
2,1927,溽
2,1928,旌
2,1929,闕
2,1930,栽
2,1931,驢
2,1932,范
2,1933,銹
2,1934,岑
2,1935,訊
2,1936,擣
2,1937,逢
2,1938,毫
2,1939,駿
2,1940,漫
2,1941,囊
2,1942,淅
2,1943,鵓
2,1944,丹
2,1945,韓
2,1946,驛
2,1947,畏
2,1948,寥
2,1949,鵬
2,1950,附
2,1951,跚
2,1952,嫗
2,1953,包
2,1954,釉
2,1955,蜷
2,1956,籤
2,1957,睨
2,1958,貪
2,1959,涉
2,1960,請
2,1961,盛
2,1962,痴
2,1963,錦
2,1964,慕
2,1965,儒
2,1966,竊
2,1967,搥
2,1968,扎
2,1969,皚
2,1970,冽
2,1971,氳
2,1972,膚
2,1973,灼
2,1974,胴
2,1975,瞋
2,1976,旱
2,1977,鑽
2,1978,盲
2,1979,饕
2,1980,餮
2,1981,讚
2,1982,裁
2,1983,靉
2,1984,嗜
2,1985,鋒
2,1986,牀
2,1987,歎
2,1988,診
2,1989,養
2,1990,喚
2,1991,遐
2,1992,仞
2,1993,辟
2,1994,邪
2,1995,乖
2,1996,恁
2,1997,匕
2,1998,燕
2,1999,腥
2,2000,倚
2,2001,蝟
2,2002,按
2,2003,瞑
2,2004,徽
2,2005,傑
2,2006,斤
2,2007,褐
2,2008,嘀
2,2009,差
2,2010,諸
2,2011,妹
2,2012,詞
2,2013,隧
2,2014,遇
2,2015,婦
2,2016,居
2,2017,秤
2,2018,潛
2,2019,湫
2,2020,幫
2,2021,虛
2,2022,葦
2,2023,創
2,2024,炯
2,2025,杆
2,2026,迤
2,2027,煉
2,2028,犀
2,2029,訝
2,2030,支
2,2031,偎
2,2032,洶
2,2033,套
2,2034,拆
2,2035,浦
2,2036,煢
2,2037,蝌
2,2038,蚪
2,2039,汲
2,2040,違
2,2041,墮
2,2042,潑
2,2043,綿
2,2044,覬
2,2045,赳
2,2046,檯
2,2047,澄
2,2048,溪
2,2049,拐
2,2050,涓
2,2051,悄
2,2052,嚼
2,2053,堅
2,2054,澱
2,2055,旺
2,2056,薯
2,2057,宋
2,2058,逡
2,2059,曛
2,2060,櫻
2,2061,謀
2,2062,湛
2,2063,胯
2,2064,嗖
2,2065,煩
2,2066,倏
2,2067,噬
2,2068,轆
1,2069,眨
1,2070,乞
1,2071,丐
1,2072,鑼
1,2073,吵
1,2074,桀
1,2075,哉
1,2076,詛
1,2077,貌
1,2078,麓
1,2079,冀
1,2080,儀
1,2081,孵
1,2082,庫
1,2083,轄
1,2084,糖
1,2085,砌
1,2086,碼
1,2087,均
1,2088,勻
1,2089,嚨
1,2090,峪
1,2091,眩
1,2092,牌
1,2093,汩
1,2094,采
1,2095,溉
1,2096,晨
1,2097,繳
1,2098,械
1,2099,拄
1,2100,權
1,2101,柳
1,2102,尉
1,2103,偉
1,2104,劉
1,2105,食
1,2106,舢
1,2107,慮
1,2108,嫘
1,2109,磋
1,2110,漿
1,2111,實
1,2112,酪
1,2113,葡
1,2114,萄
1,2115,輿
1,2116,侯
1,2117,碩
1,2118,哺
1,2119,鍾
1,2120,履
1,2121,宇
1,2122,宙
1,2123,虞
1,2124,腐
1,2125,狐
1,2126,撒
1,2127,喂
1,2128,余
1,2129,捫
1,2130,鞦
1,2131,韆
1,2132,籬
1,2133,惹
1,2134,嗯
1,2135,擎
1,2136,顯
1,2137,魎
1,2138,愴
1,2139,窟
1,2140,窿
1,2141,囀
1,2142,偈
1,2143,佩
1,2144,撕
1,2145,捆
1,2146,鈔
1,2147,腱
1,2148,溯
1,2149,蛀
1,2150,仁
1,2151,瞭
1,2152,帖
1,2153,敷
1,2154,蔥
1,2155,飾
1,2156,廢
1,2157,蝸
1,2158,鴨
1,2159,豁
1,2160,葫
1,2161,逗
1,2162,偕
1,2163,籐
1,2164,釣
1,2165,龐
1,2166,抑
1,2167,係
1,2168,懂
1,2169,搠
1,2170,扛
1,2171,煨
1,2172,簫
1,2173,瘖
1,2174,佚
1,2175,秧
1,2176,埂
1,2177,枯
1,2178,鼠
1,2179,懺
1,2180,悔
1,2181,醇
1,2182,聰
1,2183,舸
1,2184,編
1,2185,蔦
1,2186,蘿
1,2187,廊
1,2188,帆
1,2189,拒
1,2190,廻
1,2191,唸
1,2192,宏
1,2193,虯
1,2194,亢
1,2195,尼
1,2196,悉
1,2197,免
1,2198,否
1,2199,魯
1,2200,儘
1,2201,姬
1,2202,報
1,2203,邋
1,2204,遢
1,2205,糊
1,2206,堡
1,2207,批
1,2208,評
1,2209,察
1,2210,業
1,2211,債
1,2212,扣
1,2213,議
1,2214,員
1,2215,啦
1,2216,司
1,2217,稅
1,2218,執
1,2219,輞
1,2220,污
1,2221,搭
1,2222,爺
1,2223,篆
1,2224,笨
1,2225,拙
1,2226,脫
1,2227,汕
1,2228,梭
1,2229,彗
1,2230,礙
1,2231,氅
1,2232,秩
1,2233,序
1,2234,疫
1,2235,欽
1,2236,釋
1,2237,俚
1,2238,俗
1,2239,烜
1,2240,鏢
1,2241,瞄
1,2242,賓
1,2243,颳
1,2244,颶
1,2245,類
1,2246,禍
1,2247,諉
1,2248,凶
1,2249,敬
1,2250,丈
1,2251,肆
1,2252,憚
1,2253,氓
1,2254,譽
1,2255,戒
1,2256,麻
1,2257,搬
1,2258,癮
1,2259,撣
1,2260,屑
1,2261,享
1,2262,鏈
1,2263,尤
1,2264,鈍
1,2265,軀
1,2266,綺
1,2267,囈
1,2268,胱
1,2269,惺
1,2270,忪
1,2271,闋
1,2272,填
1,2273,款
1,2274,寅
1,2275,曆
1,2276,嘗
1,2277,娃
1,2278,揀
1,2279,烤
1,2280,滂
1,2281,沱
1,2282,浸
1,2283,曖
1,2284,娑
1,2285,挾
1,2286,返
1,2287,藕
1,2288,菱
1,2289,藤
1,2290,伯
1,2291,鷲
1,2292,塹
1,2293,庚
1,2294,卡
1,2295,桂
1,2296,舶
1,2297,羊
1,2298,癲
1,2299,瘋
1,2300,葵
1,2301,鎧
1,2302,鉦
1,2303,鬍
1,2304,髭
1,2305,曝
1,2306,兼
1,2307,址
1,2308,曰
1,2309,番
1,2310,搶
1,2311,質
1,2312,俘
1,2313,虜
1,2314,奉
1,2315,穆
1,2316,滑
1,2317,澗
1,2318,描
1,2319,縛
1,2320,梗
1,2321,着
1,2322,粉
1,2323,纜
1,2324,頻
1,2325,礁
1,2326,叛
1,2327,劣
1,2328,膛
1,2329,擇
1,2330,糕
1,2331,需
1,2332,燧
1,2333,囪
1,2334,骯
1,2335,酵
1,2336,僵
1,2337,狀
1,2338,累
1,2339,笠
1,2340,粱
1,2341,簸
1,2342,剎
1,2343,瞬
1,2344,演
1,2345,瑚
1,2346,貝
1,2347,揉
1,2348,搓
1,2349,垃
1,2350,圾
1,2351,菸
1,2352,瑤
1,2353,擱
1,2354,沛
1,2355,壑
1,2356,棵
1,2357,蛟
1,2358,絆
1,2359,摔
1,2360,拚
1,2361,飆
1,2362,擴
1,2363,續
1,2364,蜥
1,2365,蜴
1,2366,蛇
1,2367,獵
1,2368,徒
1,2369,哲
1,2370,採
1,2371,愣
1,2372,脊
1,2373,櫂
1,2374,庭
1,2375,坤
1,2376,夔
1,2377,岳
1,2378,耒
1,2379,癘
1,2380,燹
1,2381,棹
1,2382,襄
1,2383,渭
1,2384,崢
1,2385,瞿
1,2386,蘚
1,2387,侵
1,2388,屐
1,2389,蹇
1,2390,駑
1,2391,鼙
1,2392,潰
1,2393,偃
1,2394,適
1,2395,麾
1,2396,楫
1,2397,盼
1,2398,札
1,2399,杵
1,2400,笳
1,2401,荊
1,2402,穎
1,2403,殿
1,2404,盟
1,2405,霖
1,2406,瑟
1,2407,舳
1,2408,傅
1,2409,艫
1,2410,禹
1,2411,汨
1,2412,灕
1,2413,傍
1,2414,辭
1,2415,几
1,2416,嗆
1,2417,蠡
1,2418,淼
1,2419,渚
1,2420,癱
1,2421,絡
1,2422,繹
1,2423,卷
1,2424,楞
1,2425,趙
1,2426,溟
1,2427,汴
1,2428,賈
1,2429,啖
1,2430,荔
1,2431,絳
1,2432,渴
1,2433,瓊
1,2434,檻
1,2435,狹
1,2436,杉
1,2437,凳
1,2438,盅
1,2439,睏
1,2440,嬌
1,2441,貓
1,2442,闌
1,2443,荼
1,2444,鄙
1,2445,曼
1,2446,髻
1,2447,鬟
1,2448,普
1,2449,憫
1,2450,盧
1,2451,瀑
1,2452,佯
1,2453,洛
1,2454,噹
1,2455,乃
1,2456,隴
1,2457,躡
1,2458,樽
1,2459,扔
1,2460,賢
1,2461,廡
1,2462,妄
1,2463,慟
1,2464,幡
1,2465,造
1,2466,配
1,2467,驥
1,2468,櫪
1,2469,煞
1,2470,刑
1,2471,氛
1,2472,絨
1,2473,燥
1,2474,鹽
1,2475,醃
1,2476,慘
1,2477,鎂
1,2478,祟
1,2479,竭
1,2480,糧
1,2481,融
1,2482,斧
1,2483,茸
1,2484,燄
1,2485,朦
1,2486,朧
1,2487,椅
1,2488,偵
1,2489,攝
1,2490,爆
1,2491,霆
1,2492,恣
1,2493,餐
1,2494,撤
1,2495,熬
1,2496,帳
1,2497,捕
1,2498,禪
1,2499,蚊
1,2500,蜒
1,2501,隼
1,2502,擻
1,2503,鞘
1,2504,崇
1,2505,姮
1,2506,娥
1,2507,商
1,2508,疆
1,2509,祭
1,2510,壇
1,2511,錮
1,2512,戍
1,2513,拱
1,2514,冲
1,2515,諜
1,2516,踊
1,2517,悟
1,2518,橢
1,2519,蹁
1,2520,惱
1,2521,齋
1,2522,殉
1,2523,刃
1,2524,晃
1,2525,樊
1,2526,淬
1,2527,喪
1,2528,註
1,2529,暢
1,2530,蜂
1,2531,箕
1,2532,腿
1,2533,筑
1,2534,戟
1,2535,眶
1,2536,睥
1,2537,屠
1,2538,臥
1,2539,陳
1,2540,吳
1,2541,狙
1,2542,椎
1,2543,揣
1,2544,插
1,2545,搜
1,2546,鑄
1,2547,鑲
1,2548,葩
1,2549,沐
1,2550,授
1,2551,茂
1,2552,粲
1,2553,鷓
1,2554,烙
1,2555,濘
1,2556,劃
1,2557,梵
1,2558,膿
1,2559,菩
1,2560,薩
1,2561,既
1,2562,呻
1,2563,膏
1,2564,效
1,2565,嗓
1,2566,綵
1,2567,豆
1,2568,憧
1,2569,憬
1,2570,橄
1,2571,欖
1,2572,棟
1,2573,闆
1,2574,毀
1,2575,棺
1,2576,棚
1,2577,蝙
1,2578,蝠
1,2579,喑
1,2580,騖
1,2581,逍
1,2582,袂
1,2583,儼
1,2584,吊
1,2585,笞
1,2586,噩
1,2587,噚
1,2588,孟
1,2589,姜
1,2590,縹
1,2591,拭
1,2592,咫
1,2593,邐
1,2594,嶂
1,2595,巒
1,2596,梁
1,2597,撿
1,2598,齧
1,2599,漬
1,2600,拈
1,2601,系
1,2602,瀾
1,2603,緞
1,2604,烽
1,2605,縵
1,2606,茉
1,2607,嗔
1,2608,幔
1,2609,束
1,2610,例
1,2611,簪
1,2612,褻
1,2613,邏
1,2614,鯊
1,2615,掠
1,2616,嵐
1,2617,兀
1,2618,駒
1,2619,詫
1,2620,庸
1,2621,峙
1,2622,鬃
1,2623,鐙
1,2624,矣
1,2625,俱
1,2626,軟
1,2627,綢
1,2628,哨
1,2629,觱
1,2630,篥
1,2631,弩
1,2632,覦
1,2633,氈
1,2634,驊
1,2635,騮
1,2636,狎
1,2637,賞
1,2638,襯
1,2639,循
1,2640,軒
1,2641,盾
1,2642,昔
1,2643,諳
1,2644,秀
1,2645,罩
1,2646,厭
1,2647,澈
1,2648,踉
1,2649,蹌
1,2650,冤
1,2651,荇
1,2652,藻
1,2653,汀
1,2654,芷
1,2655,沅
1,2656,濟
1,2657,圳
1,2658,駁
1,2659,軾
1,2660,姆
1,2661,岡
1,2662,鵲
1,2663,觴
1,2664,魅
1,2665,籠
1,2666,隸
1,2667,坊
1,2668,秒
1,2669,閘
1,2670,廠
1,2671,咀
1,2672,板
1,2673,兔
1,2674,繃
1,2675,猙
1,2676,泄
1,2677,噤
1,2678,嘿
1,2679,礬
1,2680,姑
1,2681,廂
1,2682,獅
1,2683,育
1,2684,凄
1,2685,梢
1,2686,臊
1,2687,窒
1,2688,豬
1,2689,媼
1,2690,稼
1,2691,耕
1,2692,舅
1,2693,村
1,2694,替
1,2695,瞻
1,2696,孺
1,2697,櫓
1,2698,仔
1,2699,羈
1,2700,樟
1,2701,敻
1,2702,洩
1,2703,坳
1,2704,蹙
1,2705,癟
1,2706,幕
1,2707,哽
1,2708,疼
1,2709,週
1,2710,垛
1,2711,俄
1,2712,雉
1,2713,茅
1,2714,喬
1,2715,治
1,2716,黨
1,2717,罰
1,2718,埃
1,2719,僮
1,2720,僕
1,2721,叉
1,2722,宵
1,2723,饜
1,2724,愧
1,2725,骸
1,2726,遂
1,2727,並
1,2728,凭
1,2729,蕈
1,2730,暾
1,2731,扉
1,2732,炒
1,2733,栗
1,2734,螃
1,2735,憾
1,2736,夾
1,2737,穠
1,2738,專
1,2739,撩
1,2740,莽
1,2741,鯨
1,2742,銘
1,2743,持
1,2744,醺
1,2745,摑
1,2746,式
1,2747,旛
1,2748,躺
1,2749,楊
1,2750,巔
1,2751,齡
1,2752,劑
1,2753,繆
1,2754,攻
1,2755,迅
1,2756,銳
1,2757,腋
1,2758,湍
1,2759,胛
1,2760,跛
1,2761,碰
1,2762,驃
1,2763,披
1,2764,邁
1,2765,猜
1,2766,錶
1,2767,靶
1,2768,陲
1,2769,茱
1,2770,萸
1,2771,耀
1,2772,塚
1,2773,遷
1,2774,忙
1,2775,碌
1,2776,泰
1,2777,妨
1,2778,綾
1,2779,製
1,2780,膝
