#times,#rank,#word
1900,1,的
712,2,一
394,3,你
380,4,是
366,5,在
311,6,我
292,7,了
192,8,不
176,9,那
157,10,著
124,11,有
123,12,而
116,13,都
109,14,就
108,15,地
107,16,也
106,17,上
99,18,個
97,19,和
93,20,只
92,21,這
90,22,來
88,23,啊
84,24,向
83,25,把
83,26,又
82,27,裡
77,28,去
75,29,從
66,30,到
64,31,說
64,32,更
63,33,人
59,34,下
57,35,要
54,36,他
54,37,讓
52,38,看
50,39,已
48,40,該
48,41,後
48,42,呢
47,43,中
47,44,天
46,45,遠
44,46,還
43,47,最
43,48,吧
42,49,手
42,50,誰
41,51,裏
41,52,與
40,53,夜
40,54,再
39,55,得
38,56,問
37,57,像
37,58,隻
37,59,聽
37,60,輕輕
37,61,對
36,62,小
35,63,幾
35,64,為
35,65,過
35,66,半
35,67,所有
34,68,搖
33,69,似
32,70,什麼
32,71,多
32,72,嗎
31,73,風
31,74,便
31,75,海
30,76,多少
30,77,千
30,78,給
30,79,卻
29,80,燈
29,81,長
29,82,才
29,83,被
28,84,那樣
28,85,之
28,86,正
28,87,如
27,88,她
27,89,世界
27,90,會
27,91,雨
27,92,哪
27,93,成
26,94,頭
25,95,片
25,96,夢
25,97,面
25,98,或
24,99,笑
24,100,回頭
23,101,水
23,102,盞
23,103,無
23,104,或是
23,105,怕
22,106,座
22,107,我們
22,108,起
22,109,當
22,110,留下
21,111,能
21,112,少年
21,113,邊
21,114,已經
21,115,最後
21,116,一切
21,117,外
21,118,張
21,119,太陽
21,120,每
21,121,怎麼
20,122,條
20,123,全
20,124,還是
20,125,時
20,126,一頭
20,127,用
20,128,知
19,129,回
19,130,想
19,131,握
19,132,自己
19,133,黃昏
19,134,未
19,135,將
19,136,跟
18,137,溫柔
18,138,白
18,139,樹
18,140,醒
18,141,猶
18,142,大
18,143,比
18,144,不再
18,145,山
18,146,眼睛
18,147,越
18,148,鋸齒
17,149,滿
17,150,仍
17,151,歌
17,152,等
17,153,做
17,154,太
16,155,三
16,156,它
16,157,兩
16,158,愈
16,159,江湖
15,160,茫茫
15,161,母親
15,162,聽見
15,163,究竟
15,164,月光
15,165,永恆
15,166,悲哀
15,167,細細
15,168,可
15,169,無論
15,170,層
14,171,心
14,172,大陸
14,173,如果
14,174,落在
14,175,開
14,176,走
14,177,塊
14,178,里
14,179,不能
14,180,竟
14,181,悠悠
14,182,玻璃
14,183,一樣
14,184,聲
14,185,遠方
14,186,自由
13,187,飛
13,188,家
13,189,死
13,190,斷
13,191,鳥
13,192,接
13,193,光
13,194,搖籃
13,195,月
13,196,前
13,197,隱隱
13,198,依然
13,199,知了
12,200,總
12,201,臉
12,202,叫
12,203,好
12,204,空
12,205,黃河
12,206,青青
12,207,吹
12,208,海峽
12,209,不見
12,210,白髮
12,211,縱
12,212,難
12,213,路
12,214,種
12,215,落日
12,216,莫
12,217,就是
12,218,暮色
12,219,老
12,220,見
11,221,風裏
11,222,島
11,223,根
11,224,此
11,225,傳說
11,226,首
11,227,晚
11,228,屏東
11,229,些
11,230,者
11,231,沒有
11,232,帶
11,233,截
11,234,這麼
11,235,總是
11,236,快
10,237,次
10,238,城
10,239,雲
10,240,永遠
10,241,記憶
10,242,另
10,243,所
10,244,肥肥
10,245,小小
10,246,應
10,247,亦
10,248,知道
10,249,寸
10,250,望
10,251,深
10,252,粒
10,253,隔
10,254,冷
10,255,深處
10,256,喊
10,257,劍
10,258,那些
10,259,吾
10,260,怎樣
10,261,七
10,262,盡
10,263,回到
10,264,夠
10,265,窗
10,266,南
10,267,夏天
10,268,仙人
9,269,雪
9,270,外面
9,271,回去
9,272,現在
9,273,半島
9,274,船
9,275,古
9,276,長城
9,277,鬼
9,278,壓
9,279,波
9,280,身
9,281,不盡
9,282,不斷
9,283,亮
9,284,名字
9,285,公
9,286,歸
9,287,為了
9,288,曾
9,289,清
9,290,背後
9,291,高
9,292,纖纖
9,293,從前
9,294,髮
9,295,黑
9,296,歲月
9,297,頂
9,298,秋
9,299,傘
9,300,隨
9,301,慢慢
9,302,流過
9,303,遍
9,304,夜色
9,305,雨聲
9,306,童年
9,307,煙
8,308,答案
8,309,歲
8,310,為什麼
8,311,信
8,312,算
8,313,唇
8,314,美麗
8,315,孩子
8,316,整個
8,317,出
8,318,匹
8,319,揮
8,320,晚霞
8,321,空空
8,322,北方
8,323,直到
8,324,鏡
8,325,海棠
8,326,田
8,327,從此
8,328,鄉愁
8,329,間
8,330,找
8,331,樓上
8,332,大江東去
8,333,之間
8,334,永
8,335,霧
8,336,同樣
8,337,枕
8,338,滔滔
8,339,時間
8,340,一直
8,341,千年
8,342,疊
8,343,苦
8,344,凡
8,345,美
8,346,之後
8,347,重
8,348,即
8,349,燒
8,350,只要
8,351,杯
8,352,英雄
8,353,一路
8,354,住
8,355,故事
8,356,今晚
8,357,寂寞
8,358,亂
8,359,怎
8,360,風聲
8,361,細
8,362,場
8,363,對岸
8,364,過去
8,365,秦
8,366,中秋
7,367,顆
7,368,惡夢
7,369,小時候
7,370,睡
7,371,哭
7,372,月亮
7,373,歷史
7,374,長江
7,375,血
7,376,甜甜
7,377,牧神
7,378,西
7,379,淺淺
7,380,不過
7,381,聲音
7,382,冷冷
7,383,浪
7,384,嫋嫋
7,385,呵
7,386,以後
7,387,長安
7,388,殺
7,389,垂下
7,390,屬於
7,391,依稀
7,392,濕
7,393,只是
7,394,自
7,395,愛
7,396,絲
7,397,曾經
7,398,怎能
7,399,中間
7,400,下山
7,401,底
7,402,但
7,403,除了
7,404,額頭
7,405,何處
7,406,上游
7,407,行人
7,408,橋
7,409,無所謂
7,410,風吹
7,411,停
7,412,敢
7,413,你們
7,414,流
7,415,滾滾
7,416,這樣
7,417,朝
7,418,萬
7,419,位
7,420,乘
7,421,真
7,422,日子
7,423,燈光
7,424,故鄉
7,425,四十年
7,426,道
7,427,扇
7,428,滿地
7,429,汽笛
7,430,事
7,431,恢復
7,432,季節
7,433,青
7,434,無端
7,435,巷子
7,436,金鋸子
7,437,貼
6,438,年輕
6,439,左
6,440,輕
6,441,落
6,442,且
6,443,久
6,444,方向
6,445,欲
6,446,手指
6,447,燈塔
6,448,之外
6,449,江南
6,450,海風
6,451,掌
6,452,甘蔗
6,453,五
6,454,長長
6,455,一陣
6,456,深深
6,457,搖撼
6,458,推
6,459,尺
6,460,曳
6,461,枝
6,462,回聲
6,463,守
6,464,春天
6,465,依舊
6,466,任
6,467,依依
6,468,人間
6,469,唉
6,470,紅
6,471,蟋蟀
6,472,不可
6,473,南方
6,474,句
6,475,近
6,476,暗
6,477,汗
6,478,劫
6,479,一些
6,480,哎
6,481,探
6,482,飄飄
6,483,走過
6,484,下午
6,485,雨季
6,486,下樓
6,487,腰
6,488,步
6,489,下面
6,490,鏡子
6,491,失
6,492,連
6,493,耳朵
6,494,輪
6,495,蒼蒼
6,496,蒼茫
6,497,清明
6,498,端午
6,499,失落
6,500,年前
6,501,一點
6,502,高速
6,503,窗口
6,504,偏
6,505,艘
6,506,香港
6,507,風景
6,508,梳
6,509,而今
6,510,非
6,511,日夜
6,512,一下子
6,513,留
6,514,北
6,515,何
6,516,霞
6,517,倦
6,518,排
6,519,愁
6,520,待
6,521,翩翩
6,522,恍惚
6,523,逝
6,524,星
6,525,動
6,526,唯
6,527,夜深
6,528,水仙
6,529,照
6,530,不要
6,531,拉
6,532,聞
6,533,鐵軌
5,534,一口氣
5,535,吻
5,536,國
5,537,右
5,538,耳
5,539,嘴唇
5,540,樣
5,541,放手
5,542,鼾聲
5,543,靜靜
5,544,這些
5,545,浮
5,546,沙
5,547,忘
5,548,舉起
5,549,海岸
5,550,瓜
5,551,香蕉
5,552,一方
5,553,撥出
5,554,整
5,555,群
5,556,斜
5,557,獨
5,558,姿態
5,559,神話
5,560,必須
5,561,長臂
5,562,以為
5,563,破
5,564,海外
5,565,一年
5,566,生命
5,567,九州
5,568,時光
5,569,長江水
5,570,滋味
5,571,雪花白
5,572,臘梅香
5,573,墓
5,574,詩
5,575,牽
5,576,浪子
5,577,井
5,578,天地
5,579,過處
5,580,猛
5,581,時候
5,582,回家
5,583,收集
5,584,咳
5,585,紛紛
5,586,民歌手
5,587,青蛙
5,588,草
5,589,下游
5,590,門
5,591,迴聲
5,592,下來
5,593,別
5,594,那麼
5,595,高高
5,596,魚
5,597,老人
5,598,命運
5,599,過來
5,600,不會
5,601,如此
5,602,淡
5,603,阿善
5,604,蹲
5,605,透明
5,606,民謠
5,607,催眠
5,608,狠狠地
5,609,年代
5,610,一半
5,611,回顧
5,612,怪
5,613,生
5,614,肯
5,615,拳頭
5,616,剩
5,617,伴
5,618,殷勤
5,619,真的
5,620,搖頭
5,621,陌生
5,622,天下
5,623,公路
5,624,詩人
5,625,壞
5,626,未來
5,627,典禮
5,628,石頭
5,629,出門
5,630,驚動
5,631,邊境
5,632,燦爛
5,633,今夜
5,634,短
5,635,能夠
5,636,回憶
5,637,脈脈
5,638,於
5,639,星光
5,640,曙色
5,641,中原
5,642,入
5,643,幾時
5,644,盤
5,645,突然
5,646,咸陽
5,647,哦
5,648,若是
5,649,親切
5,650,時辰
5,651,水晶
5,652,精巧
5,653,湘水
5,654,圓
5,655,笑聲
5,656,哩
5,657,此刻
5,658,寫
5,659,塔
5,660,玲瓏
5,661,巷
5,662,淡水河
5,663,青山
5,664,燈火
5,665,地方
5,666,超馬
4,667,鞋
4,668,街
4,669,換
4,670,酒杯
4,671,不肯
4,672,一千
4,673,只有
4,674,失蹤
4,675,暖
4,676,黃
4,677,狗
4,678,猶太人
4,679,兩千年
4,680,腳
4,681,腳印
4,682,仰天
4,683,鼓聲
4,684,昇起
4,685,失眠
4,686,藍
4,687,靜
4,688,似乎
4,689,石
4,690,轉
4,691,潮
4,692,分
4,693,子
4,694,十
4,695,忽然
4,696,郵票
4,697,後來
4,698,城市
4,699,腹語
4,700,夏
4,701,歇
4,702,寂靜
4,703,牆
4,704,霹靂
4,705,大夫
4,706,飄
4,707,不朽
4,708,斷奶
4,709,滴
4,710,霜
4,711,水聲
4,712,追隨
4,713,五千年
4,714,四十
4,715,即使
4,716,輸
4,717,回答
4,718,相信
4,719,指
4,720,背影
4,721,無禮
4,722,颱風
4,723,開始
4,724,莖
4,725,一口
4,726,餵
4,727,翹
4,728,當日
4,729,嬰孩
4,730,後土
4,731,靈魂
4,732,等待
4,733,朵
4,734,芬芳
4,735,講
4,736,咦
4,737,第一
4,738,萬里
4,739,古人
4,740,何須
4,741,肩
4,742,影子
4,743,水上
4,744,高貴
4,745,清芬
4,746,烈士
4,747,帶來
4,748,燦燦
4,749,很
4,750,原是
4,751,關閉
4,752,星斗
4,753,上來
4,754,走回
4,755,泥土
4,756,清涼
4,757,因
4,758,傷口
4,759,新
4,760,黎明
4,761,眼
4,762,巷底
4,763,廚房
4,764,低低
4,765,手臂
4,766,堤
4,767,陰影
4,768,燭
4,769,哼
4,770,堆
4,771,紅塵
4,772,日落
4,773,九月
4,774,黃金
4,775,縱橫
4,776,床
4,777,找到
4,778,掌心
4,779,曲
4,780,北上
4,781,漩渦
4,782,握手
4,783,剛
4,784,分明
4,785,如一
4,786,蜻蜓
4,787,要是
4,788,膜拜
4,789,過後
4,790,漸
4,791,身後
4,792,齊
4,793,閃
4,794,意志
4,795,四
4,796,令
4,797,陪
4,798,一段
4,799,認得出
4,800,仙
4,801,求
4,802,慢
4,803,靠在
4,804,旁
4,805,早
4,806,六千
4,807,原
4,808,半空
4,809,不住
4,810,一定
4,811,等到
4,812,內
4,813,擋
4,814,來回
4,815,尋
4,816,水平線
4,817,洪荒
4,818,預言
4,819,興奮
4,820,今年
4,821,側影
4,822,繞
4,823,空曠
4,824,正在
4,825,可憐
4,826,地上
4,827,壯士
4,828,輪迴
4,829,六
4,830,躲
4,831,十八
4,832,線
4,833,青苔
4,834,長夜
4,835,何以
4,836,天色
4,837,沉沉
4,838,沉重
4,839,或者
4,840,回來
4,841,降
4,842,吹來
4,843,抗戰
4,844,岸
4,845,閣
4,846,更加
4,847,變成
4,848,橫
4,849,伸向
4,850,買
4,851,牙
4,852,如何
4,853,肅靜
4,854,年
4,855,十二
4,856,琴音
4,857,有的
4,858,打
4,859,不許
4,860,奇蹟
4,861,眾
4,862,絕壁
4,863,流放
4,864,過境
4,865,仰望
4,866,吹過
4,867,上去
4,868,跳
4,869,一陣陣
4,870,吐
4,871,以
4,872,他們
4,873,深入
4,874,哭聲
4,875,飲
4,876,蹄
4,877,薄
4,878,處
4,879,壺
4,880,便是
4,881,蜃樓
4,882,茶
4,883,觀音
4,884,節奏
4,885,或許
4,886,髣
4,887,醉
4,888,馬力
4,889,圍牆
4,890,瞥
4,891,歡喜
4,892,仲夏
4,893,神
4,894,一般
4,895,贈
4,896,脈搏
4,897,高高低低
4,898,樓
4,899,秋季
4,900,金
4,901,月色
4,902,隔水
4,903,葉
4,904,眼眸
4,905,閉起
4,906,迷夢紗
4,907,追
4,908,八仙嶺
4,909,腕上
4,910,友
4,911,鄉音
4,912,桌燈
4,913,默認
4,914,廬山
4,915,倒
3,916,雙
3,917,踢
3,918,抱
3,919,嚶嚶
3,920,手掌
3,921,霏霏
3,922,潔癖
3,923,冰
3,924,仰
3,925,張開
3,926,舔
3,927,小時
3,928,母體
3,929,雪地
3,930,雨裡
3,931,止
3,932,十年
3,933,醒來
3,934,打狗棒
3,935,敲成
3,936,祖國
3,937,鼻音
3,938,呼嘯
3,939,傷痕
3,940,晚年
3,941,心臟
3,942,田雨
3,943,平原
3,944,長途車
3,945,西瓜
3,946,纍纍
3,947,胖胖
3,948,甜
3,949,古典
3,950,截斷
3,951,撥通
3,952,鼾息
3,953,呼
3,954,中國
3,955,有意
3,956,蠢蠢
3,957,咕咕
3,958,呱呱
3,959,蛙
3,960,腔
3,961,熱
3,962,驚醒
3,963,火
3,964,髯蘇
3,965,仰泳
3,966,載
3,967,矯矯
3,968,翻動
3,969,勝
3,970,沉
3,971,側
3,972,轟轟
3,973,困
3,974,匈奴
3,975,臉色
3,976,捉
3,977,箭
3,978,無情
3,979,將軍
3,980,祖先
3,981,搖醒
3,982,淚
3,983,屋
3,984,罷
3,985,胎
3,986,蓬萊
3,987,肥沃
3,988,慶幸
3,989,從從容容
3,990,成熟
3,991,攤開
3,992,不幸
3,993,踩
3,994,熟
3,995,酒
3,996,鄉土
3,997,三年
3,998,切勿
3,999,召
3,1000,相思
3,1001,不絕
3,1002,送給
3,1003,遊
3,1004,河流
3,1005,湄
3,1006,接來
3,1007,亂髮
3,1008,追逐
3,1009,走進
3,1010,四壁
3,1011,玩
3,1012,晚飯
3,1013,安慰
3,1014,迴盪
3,1015,湘江
3,1016,翅膀
3,1017,然後
3,1018,美名
3,1019,樣子
3,1020,袋
3,1021,憤怒
3,1022,由
3,1023,原始
3,1024,夜裡
3,1025,空洞
3,1026,鏗鏗
3,1027,母
3,1028,得多
3,1029,推開
3,1030,唱
3,1031,遮
3,1032,掉
3,1033,舊
3,1034,黯黯
3,1035,鬱鬱
3,1036,歡迎
3,1037,彎下
3,1038,拂
3,1039,屋頂
3,1040,大海
3,1041,日
3,1042,僧
3,1043,有沒有
3,1044,口
3,1045,月蝕
3,1046,第四
3,1047,裏面
3,1048,秘密
3,1049,燭光
3,1050,心事
3,1051,南下
3,1052,四川
3,1053,捲進
3,1054,右手
3,1055,低
3,1056,滿座
3,1057,旭日
3,1058,架
3,1059,幅
3,1060,那邊
3,1061,怎麼辦
3,1062,黑夜
3,1063,健美
3,1064,敲
3,1065,伶仃
3,1066,爬
3,1067,思念
3,1068,復
3,1069,魂魄
3,1070,倍
3,1071,坦坦
3,1072,戴
3,1073,揮鞭
3,1074,顫抖
3,1075,二十五年
3,1076,灰
3,1077,蠟燭
3,1078,應該
3,1079,尋找
3,1080,謫仙
3,1081,形象
3,1082,何況
3,1083,星期
3,1084,力士
3,1085,們
3,1086,川
3,1087,失足
3,1088,赴
3,1089,轟動
3,1090,揚
3,1091,斷然
3,1092,割
3,1093,生機
3,1094,壯烈
3,1095,攔
3,1096,頑石
3,1097,件
3,1098,認
3,1099,幾千年
3,1100,台北
3,1101,貨船
3,1102,霞光
3,1103,早已
3,1104,準備
3,1105,哈雷
3,1106,太空
3,1107,若
3,1108,全部
3,1109,飛揚
3,1110,身世
3,1111,迎接
3,1112,飛來
3,1113,暗處
3,1114,刷
3,1115,迎
3,1116,回程
3,1117,無助
3,1118,心頭
3,1119,度
3,1120,放
3,1121,不甘
3,1122,突圍
3,1123,出來
3,1124,匆匆
3,1125,翩然
3,1126,三千
3,1127,南部
3,1128,純潔
3,1129,有時
3,1130,咳嗽
3,1131,珍貴
3,1132,拾
3,1133,攏
3,1134,問道
3,1135,溫潤
3,1136,巷口
3,1137,四周
3,1138,落到
3,1139,值得
3,1140,街道
3,1141,話
3,1142,沒入
3,1143,迷
3,1144,天國
3,1145,渾圓
3,1146,金人
3,1147,朋友
3,1148,東坡
3,1149,齒
3,1150,歸期
3,1151,送
3,1152,穿過
3,1153,念
3,1154,多難
3,1155,東西
3,1156,辜負
3,1157,嬋娟
3,1158,犯
3,1159,撞
3,1160,驚
3,1161,來信
3,1162,眼神
3,1163,認得
3,1164,縱使
3,1165,古老
3,1166,當年
3,1167,反
3,1168,添
3,1169,斷腸
3,1170,痛
3,1171,鄉
3,1172,習慣
3,1173,跨進
3,1174,出港
3,1175,天涯
3,1176,響
3,1177,慷慨
3,1178,閃動
3,1179,帝國
3,1180,浩蕩
3,1181,地下
3,1182,姓
3,1183,出土
3,1184,午夢
3,1185,帶走
3,1186,婉轉
3,1187,上升
3,1188,一排排
3,1189,岸邊
3,1190,牢
3,1191,緊
3,1192,吐露
3,1193,暗暗
3,1194,水面
3,1195,水禽
3,1196,鬧
3,1197,沿
3,1198,防波堤
3,1199,繫於
3,1200,生日
3,1201,短短
3,1202,滿滿
3,1203,正好
3,1204,面孔
3,1205,半旗
3,1206,行列
3,1207,墾丁
3,1208,冬
3,1209,低頭
3,1210,密密
3,1211,抽
3,1212,一網
3,1213,火燒
3,1214,為何
3,1215,留給
3,1216,指紋
3,1217,圈
3,1218,花紋
3,1219,徘徊
3,1220,沙灘
3,1221,鹹鹹
3,1222,踹
3,1223,低垂
3,1224,深沉
3,1225,多久
3,1226,無邊
3,1227,秋色
3,1228,熄
3,1229,豪雨
3,1230,之前
3,1231,赫赫
3,1232,衣冠
3,1233,李白
3,1234,端
3,1235,飄然
3,1236,乘風
3,1237,詩選
3,1238,瘦
3,1239,老去
3,1240,渡
3,1241,無奈
3,1242,疎
3,1243,準
3,1244,現代
3,1245,柱
3,1246,夢魘
3,1247,不休
3,1248,酒壺
3,1249,熱鬧
3,1250,皆
3,1251,貶
3,1252,夜郎
3,1253,他鄉
3,1254,遁
3,1255,常
3,1256,陷落
3,1257,旋
3,1258,楚狂
3,1259,未曾
3,1260,愕然
3,1261,西風
3,1262,冰水
3,1263,所謂
3,1264,瓶
3,1265,金芒
3,1266,驟
3,1267,稚氣
3,1268,刺客
3,1269,縷
3,1270,晝夜
3,1271,刀
3,1272,月餅
3,1273,去年
3,1274,共
3,1275,凌波
3,1276,背景
3,1277,黯
3,1278,綠
3,1279,俯
3,1280,梯
3,1281,壁
3,1282,雨裏
3,1283,嫵媚
3,1284,笛聲
3,1285,寄
3,1286,花季
3,1287,叮嚀叮嚀嚀
3,1288,感到
3,1289,暴君
3,1290,幢幢
3,1291,木棉
3,1292,臺北
3,1293,斜斜
3,1294,載來
3,1295,邊邊
3,1296,熱血
3,1297,顫動
3,1298,寐
3,1299,不忘
3,1300,華髮
3,1301,重陽
3,1302,倘
3,1303,怒
3,1304,陽台
3,1305,盆
3,1306,壓人
3,1307,山山
3,1308,裏有
3,1309,紅葉
3,1310,點點
3,1311,淡淡
3,1312,河
3,1313,薄荷
3,1314,柄
3,1315,摺
3,1316,繡
3,1317,其
3,1318,叢
3,1319,沙田
3,1320,無窮
3,1321,萬籟
3,1322,水鬼
3,1323,本色
3,1324,海客
3,1325,不透
3,1326,磨成
3,1327,六十
3,1328,手心
3,1329,抽絲
3,1330,身在
3,1331,清香
3,1332,何時
3,1333,長竿
3,1334,中年
3,1335,摺攏
2,1336,一輩子
2,1337,紅燈
2,1338,雙眼
2,1339,頭髮
2,1340,車票
2,1341,癢
2,1342,圓頂
2,1343,暖烘烘
2,1344,重重
2,1345,亡國
2,1346,各
2,1347,頭頂
2,1348,民族
2,1349,夜夜
2,1350,代
2,1351,斑斑
2,1352,犬吠
2,1353,探入
2,1354,汪汪的
2,1355,海嘯
2,1356,老鴉
2,1357,未知
2,1358,龍
2,1359,海豹
2,1360,海鷗
2,1361,鷗
2,1362,空地
2,1363,太平洋
2,1364,日球
2,1365,月球
2,1366,峭壁
2,1367,廈門
2,1368,肺活量
2,1369,青海
2,1370,凍成
2,1371,冰河
2,1372,合唱
2,1373,一向
2,1374,發現
2,1375,疤
2,1376,長大
2,1377,胸
2,1378,扭曲
2,1379,甘美
2,1380,駛過
2,1381,檢閱
2,1382,鬚
2,1383,株
2,1384,河床
2,1385,希望
2,1386,坐
2,1387,瘦瘦
2,1388,牧笛
2,1389,鹹
2,1390,枚
2,1391,窄窄
2,1392,矮矮
2,1393,墳墓
2,1394,亭子
2,1395,時常
2,1396,裡面
2,1397,蹂躪
2,1398,神經
2,1399,茫然
2,1400,臍帶
2,1401,撥
2,1402,匣子
2,1403,電話亭
2,1404,抽屜
2,1405,公寓
2,1406,背
2,1407,白淨
2,1408,鼓動
2,1409,玄機
2,1410,委
2,1411,乎
2,1412,歪
2,1413,血管
2,1414,濺
2,1415,磚石
2,1416,迸裂
2,1417,撐
2,1418,眾人
2,1419,赤壁
2,1420,擾擾
2,1421,水族
2,1422,年老
2,1423,離騷
2,1424,歸去
2,1425,大江
2,1426,江水
2,1427,永生
2,1428,恰似
2,1429,孩
2,1430,觸覺
2,1431,五千
2,1432,滾
2,1433,浪潮
2,1434,順
2,1435,逆
2,1436,側側
2,1437,挺
2,1438,筆
2,1439,圍
2,1440,冷落
2,1441,渾沌
2,1442,壯年
2,1443,杖
2,1444,傷兵
2,1445,扶
2,1446,寒氣
2,1447,凜凜
2,1448,巨影
2,1449,酣睡
2,1450,風沙
2,1451,寂寂
2,1452,驚惶
2,1453,突
2,1454,單于
2,1455,咬
2,1456,怪石
2,1457,先
2,1458,射雕
2,1459,大小
2,1460,鋤鋤
2,1461,地圖
2,1462,乾
2,1463,仙山
2,1464,孕
2,1465,渡船
2,1466,甚至
2,1467,失去
2,1468,島嶼
2,1469,緩緩
2,1470,苦瓜
2,1471,繚繞
2,1472,豐收
2,1473,完滿
2,1474,膨脹
2,1475,尖
2,1476,胸脯
2,1477,匍匐
2,1478,奇跡
2,1479,產
2,1480,久朽
2,1481,前身
2,1482,引渡
2,1483,瓢
2,1484,燒痛
2,1485,笑話
2,1486,花生
2,1487,哀哀
2,1488,豎起
2,1489,淋漓
2,1490,聽慣
2,1491,詩經
2,1492,牽掛
2,1493,抵
2,1494,一手手
2,1495,拳裏
2,1496,燃燒
2,1497,必
2,1498,啾啾
2,1499,賽跑
2,1500,領先
2,1501,黑暗
2,1502,濃
2,1503,墨點
2,1504,點
2,1505,谷底
2,1506,怎麼說
2,1507,森森
2,1508,菜花
2,1509,遠遠
2,1510,吃
2,1511,古屋
2,1512,亮起
2,1513,傳來
2,1514,動人
2,1515,投
2,1516,衣帶
2,1517,楚歌
2,1518,升起
2,1519,小如
2,1520,蝴蝶
2,1521,風箏
2,1522,標本
2,1523,華麗
2,1524,脆弱
2,1525,角
2,1526,終於
2,1527,掌聲
2,1528,火柴
2,1529,蟑螂
2,1530,地下水
2,1531,珍藏
2,1532,勃勃
2,1533,閃閃
2,1534,一起
2,1535,當初
2,1536,剖開
2,1537,礦
2,1538,塌下來
2,1539,埋葬
2,1540,清醒
2,1541,此外
2,1542,沉寂
2,1543,蜘蛛
2,1544,涼涼
2,1545,潮水
2,1546,丸
2,1547,睡去
2,1548,長髮
2,1549,遠遠的
2,1550,土地
2,1551,肉
2,1552,靴子
2,1553,受傷
2,1554,藥
2,1555,露
2,1556,摘
2,1557,反光
2,1558,倒映
2,1559,放學
2,1560,這樣子
2,1561,來自
2,1562,航空信
2,1563,滿街
2,1564,夫人
2,1565,癢癢
2,1566,歸於
2,1567,院子
2,1568,圍過去
2,1569,千門萬戶
2,1570,煙火
2,1571,始
2,1572,僧袖
2,1573,四海
2,1574,雲遊
2,1575,早春
2,1576,噢
2,1577,金黃
2,1578,大地
2,1579,化成
2,1580,亂石
2,1581,垂
2,1582,渾
2,1583,到底
2,1584,冷汗
2,1585,尾
2,1586,呼聲
2,1587,鞭
2,1588,戶外
2,1589,如故
2,1590,別人
2,1591,先後
2,1592,掌握
2,1593,逼
2,1594,摸
2,1595,年紀
2,1596,拳
2,1597,掌紋
2,1598,漢水
2,1599,拔起
2,1600,五嶽
2,1601,天空
2,1602,完全
2,1603,印
2,1604,證明
2,1605,半壁
2,1606,紹興
2,1607,下肚
2,1608,相
2,1609,這時
2,1610,不然
2,1611,管
2,1612,潼關
2,1613,七四七
2,1614,下去
2,1615,微
2,1616,顫
2,1617,彎彎
2,1618,四面
2,1619,炊煙
2,1620,擺
2,1621,織女
2,1622,伸直
2,1623,赤裸裸
2,1624,翻身
2,1625,跪倒
2,1626,奶
2,1627,仙侶
2,1628,山中
2,1629,日月
2,1630,世上
2,1631,風雨
2,1632,針
2,1633,黑潮
2,1634,渦
2,1635,舷
2,1636,幽靈
2,1637,從來
2,1638,死去
2,1639,本
2,1640,符咒
2,1641,能不能
2,1642,淹沒
2,1643,赫然
2,1644,目光
2,1645,屬
2,1646,夜行
2,1647,今人
2,1648,驍悍
2,1649,緊閉
2,1650,不成
2,1651,顫顫
2,1652,烈火
2,1653,照顧
2,1654,懷疑
2,1655,夜雨
2,1656,邊緣
2,1657,黯然
2,1658,蕊心
2,1659,陣風
2,1660,有意無意
2,1661,真是
2,1662,認出
2,1663,指望
2,1664,眼前
2,1665,店
2,1666,少
2,1667,喝
2,1668,威士忌
2,1669,烈
2,1670,汪倫
2,1671,闊
2,1672,肝硬化
2,1673,昨天
2,1674,麼
2,1675,崑崙
2,1676,交通
2,1677,跑
2,1678,公里
2,1679,一百四
2,1680,警笛
2,1681,酒精
2,1682,可疑
2,1683,提
2,1684,謫
2,1685,因為
2,1686,賀知章
2,1687,墊
2,1688,行路
2,1689,蜀道
2,1690,公平
2,1691,奔騰
2,1692,懸崖
2,1693,刻
2,1694,拿
2,1695,不出
2,1696,宿命
2,1697,神秘
2,1698,覺得
2,1699,彷佛
2,1700,石器
2,1701,四方
2,1702,暗器
2,1703,罷手
2,1704,距離
2,1705,西南
2,1706,越南
2,1707,無阻
2,1708,問題
2,1709,星際
2,1710,遠客
2,1711,澹澹
2,1712,孩童
2,1713,戰爭
2,1714,赫
2,1715,作證
2,1716,望遠鏡
2,1717,觸目
2,1718,瀟灑
2,1719,火球
2,1720,掃帚
2,1721,告
2,1722,天譴
2,1723,冥冥
2,1724,逐
2,1725,無極
2,1726,至少
2,1727,不能夠
2,1728,國家
2,1729,東
2,1730,蠻
2,1731,肚子
2,1732,偷偷地
2,1733,當做
2,1734,碟
2,1735,許多
2,1736,絕望
2,1737,氣
2,1738,角落
2,1739,輩子
2,1740,盤子
2,1741,三十年
2,1742,陰天
2,1743,串成
2,1744,憑
2,1745,因緣
2,1746,車
2,1747,亂叫
2,1748,人燈
2,1749,不安
2,1750,港
2,1751,可幸
2,1752,筋骨
2,1753,青睞
2,1754,溫馨
2,1755,告訴
2,1756,昏昏
2,1757,上山
2,1758,左轉
2,1759,拋
2,1760,踐踏
2,1761,捧
2,1762,破舊
2,1763,穿
2,1764,自然
2,1765,陪伴
2,1766,拋棄
2,1767,變
2,1768,栩栩
2,1769,升
2,1770,四百
2,1771,壓力
2,1772,行
2,1773,破曉
2,1774,素扇
2,1775,蜀人
2,1776,臨江
2,1777,供
2,1778,白露
2,1779,當真
2,1780,炸
2,1781,重慶
2,1782,嗶
2,1783,蒲扇
2,1784,盆地
2,1785,嘉陵江
2,1786,壽山
2,1787,催
2,1788,鬚髮
2,1789,出川
2,1790,浪頭
2,1791,巫峽
2,1792,殘
2,1793,貨櫃船
2,1794,成都
2,1795,水銀
2,1796,滿月
2,1797,照面
2,1798,避
2,1799,不及
2,1800,樹影
2,1801,飄飄然
2,1802,站
2,1803,橋頭
2,1804,樓頭
2,1805,明月
2,1806,封
2,1807,簡體字
2,1808,孤島
2,1809,還鄉
2,1810,恍
2,1811,懷
2,1812,遠遊
2,1813,墜
2,1814,霜雪
2,1815,年年
2,1816,打擊
2,1817,舊愁
2,1818,解
2,1819,新憂
2,1820,南北
2,1821,怯
2,1822,新大陸
2,1823,甚於
2,1824,君
2,1825,西窗
2,1826,短燭
2,1827,運河
2,1828,後面
2,1829,雙臂
2,1830,木槌
2,1831,砰然
2,1832,買斷
2,1833,赤髮
2,1834,熱烈
2,1835,醫師
2,1836,親愛的
2,1837,雙手
2,1838,緊緊
2,1839,立刻
2,1840,同袍
2,1841,睜眼
2,1842,觀眾
2,1843,慣於
2,1844,乍
2,1845,強勁
2,1846,世
2,1847,飄揚
2,1848,二
2,1849,戰士
2,1850,兵
2,1851,騎
2,1852,豈
2,1853,歌聲
2,1854,嬴
2,1855,約好
2,1856,博物館
2,1857,神情
2,1858,一轉眼
2,1859,陷
2,1860,流去
2,1861,迴旋
2,1862,一帶
2,1863,恨
2,1864,弧
2,1865,一層層
2,1866,翻滾
2,1867,拉鍊
2,1868,空間
2,1869,窗子
2,1870,孤立
2,1871,長風
2,1872,浩浩
2,1873,陰雲
2,1874,中國結
2,1875,絲線
2,1876,遙遠
2,1877,結
2,1878,太多
2,1879,線頭
2,1880,祕密
2,1881,開啟
2,1882,高潮
2,1883,簇
2,1884,可惜
2,1885,日出
2,1886,越過
2,1887,遠遠地
2,1888,音調
2,1889,港城
2,1890,牽動
2,1891,錨鍊
2,1892,挑
2,1893,起伏
2,1894,吃水
2,1895,進港
2,1896,想像
2,1897,孤獨
2,1898,水藍
2,1899,出海
2,1900,天氣
2,1901,竟然
2,1902,波浪
2,1903,進來
2,1904,像對
2,1905,吹滅
2,1906,想起
2,1907,伴侶
2,1908,對面
2,1909,暗裏
2,1910,坐困
2,1911,誕生
2,1912,有毒
2,1913,雲霧
2,1914,野蠻
2,1915,冷漠
2,1916,表情
2,1917,白晝
2,1918,仇恨
2,1919,黑紗
2,1920,菊花
2,1921,靈堂
2,1922,淚水
2,1923,柩車
2,1924,辛苦
2,1925,擡
2,1926,上面
2,1927,抵達
2,1928,改道
2,1929,天際
2,1930,落山風
2,1931,風季
2,1932,河谷
2,1933,唯有
2,1934,風口
2,1935,收
2,1936,滿海
2,1937,橘色
2,1938,荒涼
2,1939,漁船
2,1940,承受
2,1941,網
2,1942,像是
2,1943,吹笛
2,1944,煙花
2,1945,偏向
2,1946,壯麗
2,1947,一霎
2,1948,一圈圈
2,1949,公開
2,1950,冬天
2,1951,驅
2,1952,塞外
2,1953,海神
2,1954,細緻
2,1955,牧歌
2,1956,望見
2,1957,海潮
2,1958,不准
2,1959,雨水
2,1960,一一
2,1961,長空
2,1962,崖
2,1963,不必
2,1964,畝
2,1965,嶙峋
2,1966,噓
2,1967,防
2,1968,強悍
2,1969,休想
2,1970,下降
2,1971,靜寂
2,1972,今天
2,1973,背光
2,1974,馬達
2,1975,野孩子
2,1976,圓顱
2,1977,喧嘩
2,1978,風霜
2,1979,聯想
2,1980,迢迢
2,1981,美味
2,1982,昆蟲
2,1983,花
2,1984,唯美
2,1985,舞
2,1986,切莫
2,1987,學家
2,1988,趁
2,1989,仙島
2,1990,孤舟
2,1991,付給
2,1992,濛濛
2,1993,東來
2,1994,傾
2,1995,旌旗
2,1996,落魄
2,1997,無路
2,1998,險灘
2,1999,客
2,2000,記得
2,2001,悲嘶
2,2002,深鎖
2,2003,胡騎
2,2004,覺
2,2005,銹
2,2006,匡山
2,2007,蜀
2,2008,登
2,2009,南來
2,2010,喧
2,2011,回音
2,2012,落花
2,2013,白眼
2,2014,識得
2,2015,沙鷗
2,2016,剛剛
2,2017,水遁
2,2018,同
2,2019,野
2,2020,破船
2,2021,水屋
2,2022,經
2,2023,胡
2,2024,雨雲
2,2025,淅瀝
2,2026,瀝
2,2027,低音
2,2028,低空
2,2029,折
2,2030,接上
2,2031,領
2,2032,迎風
2,2033,鷗鷺
2,2034,畏
2,2035,大鵬
2,2036,遊戲
2,2037,惡作劇
2,2038,乘興
2,2039,無數
2,2040,餘下
2,2041,九
2,2042,老嫗
2,2043,冉冉
2,2044,緣
2,2045,一角
2,2046,蜷
2,2047,珊珊
2,2048,際
2,2049,伸手
2,2050,夕
2,2051,拍
2,2052,靈
2,2053,喃喃
2,2054,龍門
2,2055,豪笑
2,2056,至今
2,2057,羞憤
2,2058,杜二
2,2059,眼花
2,2060,怨
2,2061,林
2,2062,世人
2,2063,盛唐
2,2064,天寶
2,2065,唯一
2,2066,救
2,2067,無須
2,2068,霍霍
2,2069,飛碟
2,2070,絕對
2,2071,仙境
2,2072,香火
2,2073,聽到
2,2074,起落
2,2075,暑氣
2,2076,單翼鳥
2,2077,南風
2,2078,月圓
2,2079,伸入
2,2080,邊界
2,2081,古來
2,2082,雪峰
2,2083,凜冽
2,2084,獨白
2,2085,測
2,2086,幾何
2,2087,之下
2,2088,毒
2,2089,眈眈
2,2090,雞蛋
2,2091,肌膚
2,2092,繁星
2,2093,摩天樓群
2,2094,落下
2,2095,密
2,2096,冷氣機
2,2097,額
2,2098,胴體
2,2099,宿
2,2100,鹹魚
2,2101,煮
2,2102,畔
2,2103,史考特
2,2104,七十
2,2105,雕
2,2106,搗
2,2107,熱帶
2,2108,雷雨
2,2109,奇襲
2,2110,發
2,2111,電鑽
2,2112,登陸
2,2113,街巷
2,2114,深呼吸
2,2115,饕餮
2,2116,音樂
2,2117,冰箱
2,2118,四野
2,2119,原來
2,2120,火霞
2,2121,高上
2,2122,頂點
2,2123,高舉
2,2124,刀光
2,2125,夜長
2,2126,牀
2,2127,今夕
2,2128,料
2,2129,漸漸
2,2130,戶
2,2131,情人
2,2132,遮住
2,2133,黃暈裏
2,2134,相對
2,2135,流星
2,2136,揮霍
2,2137,街燈
2,2138,馴
2,2139,磁性
2,2140,強
2,2141,華貴
2,2142,初秋
2,2143,驚奇
2,2144,遐想
2,2145,仞
2,2146,星期一
2,2147,級
2,2148,風暴
2,2149,鏘
2,2150,跌
2,2151,金髮
2,2152,梳去
2,2153,今朝
2,2154,灰髮
2,2155,往日
2,2156,黑髮
2,2157,銀耳
2,2158,守住
2,2159,辟邪
2,2160,紋
2,2161,天機
2,2162,乖
2,2163,盆景
2,2164,二十年
2,2165,哀麗
2,2166,那時
2,2167,歸宿
2,2168,忘記
2,2169,至
2,2170,渺
2,2171,小名
2,2172,綻
2,2173,一缽
2,2174,恁
2,2175,風鈴
2,2176,此起彼落
2,2177,敲叩
2,2178,禁
2,2179,銅柱
2,2180,匕首
2,2181,太子
2,2182,斷袖
2,2183,一滴滴
2,2184,倚
2,2185,敗
2,2186,易水
2,2187,幾人
2,2188,按
2,2189,瞑目
2,2190,亡命
2,2191,勝利
2,2192,靠
2,2193,豪傑
2,2194,市
2,2195,斤
2,2196,棋
2,2197,陰
2,2198,串
2,2199,紅紅
2,2200,裏尋
2,2201,千百
2,2202,驚喜
2,2203,窗紗
2,2204,寫信
2,2205,更何況
2,2206,郵筒
2,2207,梅雨
2,2208,淒淒
2,2209,春
2,2210,足印
2,2211,飛起
2,2212,試試
2,2213,古亭區
2,2214,聽來
2,2215,醫官
2,2216,理想
2,2217,唱歌
2,2218,松樹
2,2219,搖回
2,2220,澎湃
2,2221,隧道
2,2222,相遇
2,2223,八千
2,2224,外國
2,2225,北斗
2,2226,秤
2,2227,拍打
2,2228,撲
2,2229,尾巴
2,2230,吹上
2,2231,貫
2,2232,孤鳶
2,2233,球
2,2234,痕
2,2235,左頰
2,2236,右頰
2,2237,驚悸
2,2238,心血
2,2239,眉睫
2,2240,登高
2,2241,遠望
2,2242,哭倒
2,2243,開花
2,2244,一點點
2,2245,風緊
2,2246,清光
2,2247,八萬萬
2,2248,青天
2,2249,暮
2,2250,欄杆
2,2251,無非
2,2252,煉
2,2253,紫靄
2,2254,神州
2,2255,寧靜
2,2256,睫影
2,2257,犀利
2,2258,書
2,2259,空郵
2,2260,島上
2,2261,偎
2,2262,蛙聲
2,2263,接著
2,2264,長街
2,2265,拆
2,2266,心焦
2,2267,許
2,2268,天邈
2,2269,銀河
2,2270,頁
2,2271,不見得
2,2272,淒
2,2273,厲害
2,2274,繩
2,2275,蝌蚪
2,2276,海岬
2,2277,複葉
2,2278,幽幽
2,2279,違禁
2,2280,瓣
2,2281,無聲
2,2282,睫
2,2283,渡河
2,2284,渡海
2,2285,來去
2,2286,屹立
2,2287,招
2,2288,潑剌
2,2289,叩
2,2290,草原
2,2291,邊警
2,2292,豈能
2,2293,沉睡
2,2294,窺
2,2295,騎士
2,2296,檯燈
2,2297,燈柱
2,2298,遮護
2,2299,面對
2,2300,千般
2,2301,間歇
2,2302,過界
2,2303,龍舟
2,2304,魂
2,2305,淨
2,2306,奮身
2,2307,流芳
2,2308,色
2,2309,三十
2,2310,賸下
2,2311,第三人
2,2312,烏溪
2,2313,磨子
2,2314,滴滴
2,2315,眾奴
2,2316,齒輪
2,2317,最好
2,2318,敵人
2,2319,沉澱
2,2320,牽引
2,2321,蟲吟
2,2322,觸鬚
2,2323,空闊
2,2324,九廣路
2,2325,末班車
2,2326,列
2,2327,斜靠
2,2328,搖搖
2,2329,疲倦
2,2330,奏
2,2331,敏感
2,2332,客車
2,2333,旺角
2,2334,纏繞
2,2335,方言
2,2336,甘薯
2,2337,肥
2,2338,識
2,2339,攘攘
2,2340,擰亮
2,2341,逡巡
2,2342,寬寬
2,2343,曛
2,2344,點燃
2,2345,失敗
2,2346,夭夭
2,2347,櫻花
2,2348,明年
2,2349,罪名
2,2350,下背
2,2351,取下
2,2352,小窗
2,2353,層樓
2,2354,作
2,2355,孤掌
2,2356,逆風
2,2357,見不到
2,2358,顧
2,2359,化
2,2360,便有
2,2361,肯定
2,2362,胯
2,2363,憂煩
2,2364,噬
2,2365,入夜
1,2366,雙腳
1,2367,嚥
1,2368,闖
1,2369,燃燒到
1,2370,張嘴
1,2371,抵抗
1,2372,梳子
1,2373,枕頭
1,2374,大衣
1,2375,一眨眼
1,2376,婉婉
1,2377,謎樣
1,2378,叮嚀
1,2379,仰面
1,2380,女友
1,2381,抖
1,2382,踐
1,2383,死亡
1,2384,愛斯基摩
1,2385,舉臂
1,2386,饞
1,2387,懷裡
1,2388,棉衣
1,2389,嗅
1,2390,尋尋覓覓
1,2391,闔上
1,2392,黑皮
1,2393,金字
1,2394,舊約
1,2395,吹散
1,2396,土
1,2397,回國
1,2398,幸福
1,2399,以色列人
1,2400,以色列
1,2401,零亂
1,2402,發狼
1,2403,狂犬
1,2404,乞丐
1,2405,冷魘
1,2406,牙印
1,2407,猛敲
1,2408,猛捶
1,2409,昏黃
1,2410,半缺
1,2411,銅鑼
1,2412,叫化子
1,2413,吵醒
1,2414,幾十
1,2415,圍打
1,2416,戰鼓
1,2417,激昂
1,2418,昇成
1,2419,戰旗
1,2420,高於
1,2421,鬼哭
1,2422,訴苦
1,2423,長於
1,2424,松濤
1,2425,桀厲
1,2426,似怒
1,2427,喧囂
1,2428,指向
1,2429,向魚
1,2430,枝柯
1,2431,盤錯
1,2432,成黑
1,2433,青銅
1,2434,探臂下攫攫林
1,2435,烏衣巫
1,2436,作法
1,2437,磔磔
1,2438,松林
1,2439,豹
1,2440,水晶球
1,2441,哉
1,2442,花蓮
1,2443,宜蘭
1,2444,錢塘
1,2445,水球
1,2446,民歌
1,2447,歌唱
1,2448,最最
1,2449,母性
1,2450,高原
1,2451,平原魚
1,2452,紅海
1,2453,早潮
1,2454,結冰
1,2455,型到
1,2456,型哭
1,2457,胸口
1,2458,為甚麼
1,2459,那裡
1,2460,刀挑
1,2461,劍削
1,2462,詛咒
1,2463,發痛
1,2464,裸身
1,2465,手印
1,2466,血蟹
1,2467,紋身
1,2468,變貌
1,2469,圖形
1,2470,驚視
1,2471,外傷
1,2472,內傷
1,2473,不清
1,2474,甘蔗田
1,2475,山麓
1,2476,大幅
1,2477,希冀
1,2478,儀隊
1,2479,毛
1,2480,午睡
1,2481,瓜田
1,2482,孵出
1,2483,圓渾
1,2484,寶庫
1,2485,多血
1,2486,濕濕
1,2487,牧歌路
1,2488,阡
1,2489,阡陌
1,2490,陌
1,2491,駛
1,2492,轄區路
1,2493,縣
1,2494,方糖
1,2495,砌成
1,2496,右轉
1,2497,劈面
1,2498,撲過來
1,2499,船票
1,2500,新娘
1,2501,外頭
1,2502,裡頭
1,2503,灣
1,2504,田園
1,2505,關
1,2506,淒厲
1,2507,高音
1,2508,電子琴
1,2509,聽筒
1,2510,號碼
1,2511,通風
1,2512,原始林
1,2513,均勻
1,2514,青草
1,2515,水石
1,2516,黛綠
1,2517,肚皮
1,2518,池上
1,2519,隱者
1,2520,為代舌人
1,2521,然則
1,2522,反來複
1,2523,頓
1,2524,倒下來
1,2525,堞影
1,2526,悲號
1,2527,喉嚨
1,2528,叫破
1,2529,嘉峪關
1,2530,直
1,2531,山海關
1,2532,喊人
1,2533,喊鬼
1,2534,旋天轉地
1,2535,暈眩
1,2536,大風砂
1,2537,戰國
1,2538,黑影
1,2539,壓下來
1,2540,血臂
1,2541,霹
1,2542,靂
1,2543,洗牌
1,2544,聲拍
1,2545,浪濤
1,2546,騰躍
1,2547,千古
1,2548,昇
1,2549,沉珠
1,2550,捉月人
1,2551,溺水
1,2552,人弔
1,2553,弔古
1,2554,魚龍東
1,2555,汩羅
1,2556,采石磯
1,2557,游泳
1,2558,滌罪冰肌
1,2559,祝
1,2560,千唇千靨
1,2561,親親
1,2562,赤裸
1,2563,吮吸
1,2564,源源不絕
1,2565,灌溉
1,2566,聖液
1,2567,乳房
1,2568,悲辛
1,2569,崑崙山
1,2570,頂風
1,2571,荒荒
1,2572,曠曠
1,2573,流來
1,2574,龍勢
1,2575,龍尾
1,2576,龍首
1,2577,晨光
1,2578,龍鱗
1,2579,鱗鱗
1,2580,一頁頁
1,2581,敗敗
1,2582,高低
1,2583,俯泳
1,2584,終夜
1,2585,江聲側
1,2586,頰
1,2587,轉轉
1,2588,揮刀
1,2589,人頭
1,2590,三峽
1,2591,武器
1,2592,三重
1,2593,墨黑
1,2594,核心
1,2595,繳械
1,2596,絕不
1,2597,可能
1,2598,公墓
1,2599,任一
1,2600,石門
1,2601,捶
1,2602,答應
1,2603,恫人
1,2604,恫恫
1,2605,拔劍
1,2606,勇士
1,2607,拄
1,2608,前進
1,2609,頸毛
1,2610,守夜人
1,2611,幢
1,2612,傾斜
1,2613,做夢
1,2614,權力
1,2615,吹過去
1,2616,鏗鏘
1,2617,留下來
1,2618,蹄音
1,2619,敲響
1,2620,戈壁
1,2621,水草
1,2622,淺處
1,2623,黃沙
1,2624,流傳
1,2625,灞橋
1,2626,到灞陵
1,2627,胡騎奔
1,2628,臂彎
1,2629,柳蔭
1,2630,漢家
1,2631,童子
1,2632,戲
1,2633,太史
1,2634,幼時
1,2635,弦聲
1,2636,痛成
1,2637,虎嘯
1,2638,箭羽
1,2639,飛將軍
1,2640,追兵
1,2641,亭尉
1,2642,投降
1,2643,羌
1,2644,七十餘
1,2645,戰
1,2646,魁偉
1,2647,簇簇
1,2648,頂到
1,2649,慈愛
1,2650,千鋤萬
1,2651,無始無終
1,2652,搖睡
1,2653,劉邦
1,2654,項羽
1,2655,圖
1,2656,感謝
1,2657,泥土衣
1,2658,食
1,2659,碧
1,2660,富麗
1,2661,籃
1,2662,鳳梨
1,2663,屹
1,2664,撼
1,2665,地震
1,2666,舢
1,2667,憂慮
1,2668,歸屬
1,2669,嫘
1,2670,祖
1,2671,媽祖
1,2672,柔光
1,2673,大寐
1,2674,澀苦日磨
1,2675,磋琢出
1,2676,清瑩
1,2677,葉掌撫
1,2678,吸盡古
1,2679,乳漿
1,2680,圓膩
1,2681,酣然
1,2682,飽
1,2683,觸角
1,2684,充實
1,2685,酪白
1,2686,葡萄
1,2687,新鮮
1,2688,縮成
1,2689,輿圖
1,2690,時侯
1,2691,無窮無盡
1,2692,碩大
1,2693,用蒂用根索
1,2694,恩液
1,2695,苦心
1,2696,慈悲
1,2697,苦苦
1,2698,哺出
1,2699,大幸
1,2700,鍾
1,2701,皮鞋
1,2702,馬蹄
1,2703,過重
1,2704,噸
1,2705,戰車
1,2706,履帶
1,2707,難信
1,2708,祝福
1,2709,以外
1,2710,奇異
1,2711,自足
1,2712,宇宙
1,2713,飽滿
1,2714,不虞
1,2715,腐爛
1,2716,仙果
1,2717,換胎
1,2718,巧腕千眄萬睞巧
1,2719,白玉
1,2720,流轉
1,2721,詠
1,2722,成果
1,2723,甘
1,2724,醉酒
1,2725,紅血
1,2726,紅沸血
1,2727,家信
1,2728,朋呼友
1,2729,誦詩
1,2730,飲酒
1,2731,小便
1,2732,一股勁兒
1,2733,發抖
1,2734,談
1,2735,狐
1,2736,低級
1,2737,耳根
1,2738,辣辣
1,2739,殼撒
1,2740,大家
1,2741,靜下來
1,2742,喂
1,2743,余光中
1,2744,小子
1,2745,那裏
1,2746,寫不出
1,2747,沁沁
1,2748,服氣
1,2749,捫
1,2750,深不可測
1,2751,那般
1,2752,不著邊際
1,2753,穹黑
1,2754,牽去
1,2755,牽起
1,2756,鞦韆
1,2757,瓜架
1,2758,從小
1,2759,歌韻
1,2760,牆角
1,2761,矮
1,2762,圍籬
1,2763,嚀嚀
1,2764,叮叮
1,2765,惹
1,2766,嗯
1,2767,剪下
1,2768,運
1,2769,牽回
1,2770,灶頭
1,2771,來者
1,2772,炬火
1,2773,擎傳
1,2774,後傳
1,2775,燙手
1,2776,光奮掙
1,2777,擒
1,2778,風吹雨打
1,2779,愕
1,2780,觸電
1,2781,發出
1,2782,光芒
1,2783,顯
1,2784,赫現
1,2785,群魎
1,2786,愴
1,2787,然而
1,2788,涕
1,2789,窟窿
1,2790,聚
1,2791,陣雨
1,2792,米南宮
1,2793,暗下來
1,2794,墨景
1,2795,更多
1,2796,蒸
1,2797,矗立
1,2798,林蔭
1,2799,空山囀成
1,2800,偈
1,2801,天黑
1,2802,可以
1,2803,想見
1,2804,呼叫
1,2805,患
1,2806,絕症
1,2807,胎裏
1,2808,佩
1,2809,葉長
1,2810,花開
1,2811,冕缽
1,2812,舟
1,2813,其他
1,2814,而且
1,2815,高三
1,2816,戲票
1,2817,全撕
1,2818,瘟病叫
1,2819,戀愛
1,2820,女孩
1,2821,聽眾
1,2822,讀者
1,2823,捆
1,2824,疲勞
1,2825,高額
1,2826,冥鈔
1,2827,名片
1,2828,蒼白
1,2829,難記
1,2830,餘燼
1,2831,竄走
1,2832,幽邃
1,2833,誘
1,2834,奮力
1,2835,開礦
1,2836,肌腱
1,2837,然
1,2838,鶴嘴鋤
1,2839,洞穴
1,2840,爬出去
1,2841,女體
1,2842,鋤
1,2843,鋤回
1,2844,起源
1,2845,溯
1,2846,潮潮濕濕
1,2847,淹斃
1,2848,礦穴天崩
1,2849,摧
1,2850,高峻
1,2851,響起
1,2852,蛀穿
1,2853,恐怖
1,2854,十分
1,2855,嗽滿
1,2856,迴音
1,2857,震落
1,2858,灰塵
1,2859,滿結
1,2860,蛛網
1,2861,落下來
1,2862,捧住
1,2863,吞下
1,2864,安眠藥
1,2865,仁慈
1,2866,吉他
1,2867,銅錢
1,2868,初生
1,2869,父
1,2870,骨頭
1,2871,風到
1,2872,吹到
1,2873,何處路
1,2874,草鞋
1,2875,河水
1,2876,瞭望
1,2877,帖
1,2878,敷
1,2879,開門
1,2880,客棧
1,2881,釀
1,2882,晶晶
1,2883,眉
1,2884,深秋
1,2885,層層
1,2886,灰雲
1,2887,毛毛
1,2888,斜戴成
1,2889,帽子
1,2890,上流
1,2891,漾
1,2892,瀝瀝
1,2893,蔥
1,2894,油
1,2895,香味
1,2896,密封
1,2897,晴
1,2898,金碧
1,2899,朗爽
1,2900,雨天
1,2901,信箱
1,2902,義肢
1,2903,裝飾
1,2904,殘廢
1,2905,媽媽
1,2906,腳心
1,2907,亂絲裏
1,2908,迷失
1,2909,玩水
1,2910,蝸牛
1,2911,鴨子
1,2912,梧桐
1,2913,簷角
1,2914,屋瓦
1,2915,古琴
1,2916,水塘
1,2917,圍過來
1,2918,圍成
1,2919,無蛙
1,2920,童歌
1,2921,重疊成
1,2922,惘然
1,2923,老病
1,2924,生死
1,2925,木魚
1,2926,敲寂
1,2927,千竅
1,2928,豁然貫通
1,2929,終
1,2930,戶籍
1,2931,確鑿
1,2932,時風
1,2933,柱香
1,2934,接去
1,2935,袖
1,2936,葫蘆
1,2937,寧可
1,2938,打酒
1,2939,願
1,2940,裝
1,2941,裏頭
1,2942,害羞
1,2943,逗
1,2944,停止
1,2945,皺
1,2946,秋天
1,2947,容易
1,2948,霜齒一
1,2949,咬出
1,2950,沉天
1,2951,雁
1,2952,飄飄零零
1,2953,翻過來
1,2954,翻過
1,2955,渾渾
1,2956,沒
1,2957,旗語
1,2958,相偕
1,2959,登山
1,2960,一傘
1,2961,一杖
1,2962,老僧
1,2963,山腰
1,2964,天清
1,2965,爽
1,2966,冷雨
1,2967,古籐
1,2968,釣
1,2969,深谷
1,2970,走到
1,2971,山頂
1,2972,要不要
1,2973,甚且
1,2974,雲裏
1,2975,清一
1,2976,惡魘
1,2977,叫醒
1,2978,夢裏
1,2979,叫出
1,2980,失聲
1,2981,迴響
1,2982,龐大
1,2983,眈眈黑視
1,2984,看手相
1,2985,皺紋
1,2986,垂下來
1,2987,蓋住
1,2988,全身
1,2989,鳥爪
1,2990,伸出
1,2991,冷顫
1,2992,捉住
1,2993,沉抑
1,2994,喉音
1,2995,鬚間
1,2996,透出
1,2997,沒關係
1,2998,當然
1,2999,擔心
1,3000,懂
1,3001,謝謝
1,3002,不用
1,3003,驚呼
1,3004,搠
1,3005,解答
1,3006,謎底
1,3007,溝影
1,3008,割裂
1,3009,成皺面
1,3010,傷心
1,3011,第七
1,3012,大同小異
1,3013,委曲
1,3014,線條
1,3015,流下
1,3016,烏江
1,3017,激盪
1,3018,嘯出
1,3019,磅磅礡礡
1,3020,共工撞
1,3021,扛住
1,3022,一致
1,3023,左手
1,3024,火鬣
1,3025,兄弟
1,3026,擒住
1,3027,燒艷
1,3028,煨
1,3029,江面
1,3030,削
1,3031,鬚眉
1,3032,股
1,3033,豪氣
1,3034,衝
1,3035,殘霞
1,3036,賸靄
1,3037,燼
1,3038,挑出
1,3039,蕭
1,3040,惻惻
1,3041,說給
1,3042,鏽蝕
1,3043,簫
1,3044,瘖啞
1,3045,以西
1,3046,方古印
1,3047,蓋
1,3048,佚
1,3049,名氏
1,3050,畫上
1,3051,梨樹
1,3052,風從
1,3053,秧田
1,3054,吹過來
1,3055,薄翼
1,3056,婆
1,3057,常常
1,3058,矮成
1,3059,田埂
1,3060,死不了
1,3061,水井
1,3062,枯
1,3063,老鼠
1,3064,亮亮
1,3065,牙牙
1,3066,爬回
1,3067,見底
1,3068,洞裏
1,3069,懺悔
1,3070,禱告
1,3071,五體
1,3072,重認
1,3073,吮
1,3074,甘醇
1,3075,子宮
1,3076,重頭
1,3077,投胎
1,3078,小葉
1,3079,少聰一舸煙霞載
1,3080,雙槳
1,3081,盪盪
1,3082,相思林
1,3083,編織
1,3084,野鴿
1,3085,綠蔭
1,3086,低呼
1,3087,蔦
1,3088,蘿
1,3089,長廊
1,3090,鐘聲
1,3091,遲遲
1,3092,敲斜
1,3093,上風
1,3094,變仙帆
1,3095,妖嘯
1,3096,溺流
1,3097,白浪
1,3098,張口
1,3099,處女航
1,3100,徑蜿蜓
1,3101,萬劫
1,3102,腳底
1,3103,展開
1,3104,逸士
1,3105,魁梧
1,3106,伏
1,3107,孩子們
1,3108,抗拒
1,3109,廻
1,3110,聲驚拳搗門
1,3111,紅皮
1,3112,小冊子
1,3113,唸成
1,3114,叫吼
1,3115,咒語
1,3116,壯膽
1,3117,巫師
1,3118,誦經文
1,3119,宏大
1,3120,樂音
1,3121,拿破崙
1,3122,蹄聲
1,3123,號聲
1,3124,炮聲
1,3125,鼓噪
1,3126,嚇退
1,3127,死面
1,3128,厲
1,3129,如電虯指
1,3130,飛旋
1,3131,亢昂
1,3132,不屈
1,3133,德意志
1,3134,仲尼
1,3135,法郎
1,3136,慈
1,3137,亞馬狄斯
1,3138,光冕
1,3139,翻開
1,3140,打到
1,3141,失眠症
1,3142,患者
1,3143,心悸
1,3144,擂門
1,3145,重音
1,3146,捶門
1,3147,火焰
1,3148,指隙
1,3149,流走
1,3150,激情
1,3151,燙
1,3152,人心
1,3153,焦焦
1,3154,雛鳳
1,3155,飛出去
1,3156,洪水
1,3157,迴
1,3158,偶然
1,3159,停電
1,3160,晚上
1,3161,有心
1,3162,帶路
1,3163,姿勢
1,3164,眷眷
1,3165,熟悉
1,3166,可親
1,3167,不免
1,3168,巴山
1,3169,念書
1,3170,到夢
1,3171,化煙
1,3172,訴
1,3173,桌
1,3174,相望
1,3175,否
1,3176,就算
1,3177,恍然
1,3178,搖幻
1,3179,烏絲
1,3180,剛才
1,3181,進口
1,3182,不比
1,3183,魯酒
1,3184,儘
1,3185,胡姬
1,3186,杯裏亂斟
1,3187,醫生
1,3188,勸告
1,3189,報上
1,3190,升級
1,3191,第
1,3192,七號
1,3193,殺手
1,3194,武俠
1,3195,名家
1,3196,要求
1,3197,俠
1,3198,就近
1,3199,酒瓶
1,3200,邋遢俠
1,3201,糊塗
1,3202,啊呀
1,3203,小心
1,3204,好險
1,3205,超
1,3206,貨櫃車
1,3207,兒戲
1,3208,求求
1,3209,幾年
1,3210,意外
1,3211,統計
1,3212,不下於
1,3213,安史之亂
1,3214,傷亡
1,3215,呀
1,3216,天馬
1,3217,行空速限
1,3218,九十
1,3219,開到
1,3220,遊仙
1,3221,還不如
1,3222,史匹堡
1,3223,片子
1,3224,好像
1,3225,不祥
1,3226,追上
1,3227,位子
1,3228,千萬
1,3229,交警
1,3230,抓到
1,3231,醉眼
1,3232,駕駛
1,3233,一大半
1,3234,批評家
1,3235,警察
1,3236,留情
1,3237,身分證
1,3238,無業
1,3239,駕照
1,3240,酒債
1,3241,扣留
1,3242,議員
1,3243,得罪
1,3244,啦
1,3245,保
1,3246,算了
1,3247,官司
1,3248,打贏
1,3249,版稅
1,3250,到手
1,3251,好了
1,3252,出版法
1,3253,規則
1,3254,天天
1,3255,嚴重
1,3256,執行
1,3257,要不是
1,3258,王維
1,3259,一早
1,3260,參加
1,3261,輞
1,3262,污染
1,3263,座談會
1,3264,搭
1,3265,老爺車
1,3266,自盡
1,3267,挑戰
1,3268,透徹
1,3269,已往
1,3270,危機
1,3271,交割
1,3272,獰
1,3273,撞傷
1,3274,撞碎
1,3275,撞成
1,3276,飛沫
1,3277,出海口
1,3278,決心
1,3279,每當
1,3280,呆呆
1,3281,立
1,3282,纖手
1,3283,篆體
1,3284,刻下
1,3285,奇怪
1,3286,時代
1,3287,笨拙
1,3288,當面
1,3289,親手
1,3290,簽字
1,3291,點頭
1,3292,女
1,3293,人才
1,3294,活
1,3295,掙
1,3296,脫
1,3297,輪廓
1,3298,側踞
1,3299,海獸岬
1,3300,岩
1,3301,走向
1,3302,錯落
1,3303,澎湖
1,3304,石磯
1,3305,汕頭
1,3306,紅樓
1,3307,文學院
1,3308,面海
1,3309,排窗
1,3310,影迷
1,3311,幻
1,3312,疑惑
1,3313,望眼鏡
1,3314,梭巡
1,3315,雙筒
1,3316,圓鏡
1,3317,七點五
1,3318,同事
1,3319,借來
1,3320,彗星
1,3321,多礙
1,3322,地理
1,3323,遠浪
1,3324,盡處
1,3325,有若
1,3326,答覆
1,3327,七十六年
1,3328,青穹
1,3329,光年
1,3330,長亭
1,3331,短亭
1,3332,銀髮
1,3333,白氅
1,3334,獨行俠
1,3335,終古
1,3336,犯次妃衝紫微
1,3337,橫渡
1,3338,天河
1,3339,古冊
1,3340,出沒
1,3341,無常
1,3342,行蹤
1,3343,星宿
1,3344,井然
1,3345,秩序
1,3346,帝王
1,3347,革命
1,3348,瘟疫
1,3349,橫死
1,3350,欽天監
1,3351,解釋
1,3352,市井
1,3353,童謠
1,3354,俚調
1,3355,忘年
1,3356,知己
1,3357,拋物線
1,3358,星族
1,3359,光譜
1,3360,追蹤
1,3361,飄泊
1,3362,如謎
1,3363,俗名
1,3364,人世
1,3365,知音
1,3366,揮舞
1,3367,烜
1,3368,信號
1,3369,十六年
1,3370,先知
1,3371,踽踽
1,3372,早客
1,3373,等不及
1,3374,力鏢
1,3375,刺
1,3376,行星
1,3377,航道
1,3378,瞄準
1,3379,劇場
1,3380,主角
1,3381,登台
1,3382,來賓
1,3383,颳
1,3384,颶風
1,3385,廣場
1,3386,坦坦蕩蕩
1,3387,形
1,3388,轉彎
1,3389,一九八四
1,3390,當代
1,3391,古代
1,3392,拖來
1,3393,惶恐
1,3394,人類
1,3395,承受得了
1,3396,威脅
1,3397,人禍
1,3398,推諉
1,3399,天災
1,3400,揮帚
1,3401,掃去
1,3402,凶兆
1,3403,獨來獨往
1,3404,七十六
1,3405,年成
1,3406,冥王星
1,3407,荒冷
1,3408,回望
1,3409,病
1,3410,螢
1,3411,黑獄
1,3412,死犯
1,3413,投奔
1,3414,巡禮
1,3415,火光
1,3416,奔馳
1,3417,悲劇
1,3418,朝聖
1,3419,長旗
1,3420,舉鏡
1,3421,致敬
1,3422,億萬
1,3423,鏡頭
1,3424,鏡筒
1,3425,天象
1,3426,有情
1,3427,來歸
1,3428,縱有
1,3429,丈
1,3430,路過
1,3431,無我
1,3432,江河
1,3433,熱騰騰
1,3434,講理
1,3435,明媚
1,3436,青空
1,3437,肆無忌憚
1,3438,流氓
1,3439,女童
1,3440,噴吐
1,3441,不堪
1,3442,髒話
1,3443,破壞
1,3444,朝霞
1,3445,晚雲
1,3446,名譽
1,3447,毛玻璃
1,3448,外邊
1,3449,裝出
1,3450,戒煙
1,3451,吞吐
1,3452,麻雀
1,3453,被迫
1,3454,搬
1,3455,家風
1,3456,哮喘
1,3457,毒癮
1,3458,深重
1,3459,煙客
1,3460,目中無人
1,3461,隨意
1,3462,撣
1,3463,煙屑
1,3464,私有
1,3465,煙灰
1,3466,假裝
1,3467,一百三十萬
1,3468,兩百六十萬
1,3469,肺葉
1,3470,薰成
1,3471,懨懨
1,3472,蠕蠕
1,3473,爬動
1,3474,閉
1,3475,矇矇
1,3476,眼瞳
1,3477,透不過
1,3478,灰空滾散
1,3479,了卻
1,3480,珠寶店
1,3481,女孩子
1,3482,藍磁
1,3483,帶笑
1,3484,托
1,3485,面前
1,3486,合不合
1,3487,意
1,3488,成串
1,3489,貴
1,3490,含
1,3491,銀灰
1,3492,晶瑩
1,3493,圓滿
1,3494,有幸
1,3495,同享
1,3496,晴天
1,3497,露珠
1,3498,雨珠
1,3499,分手
1,3500,念珠
1,3501,有始有終
1,3502,項
1,3503,鏈
1,3504,心口
1,3505,貫穿
1,3506,抬起
1,3507,湃湃
1,3508,檐漏
1,3509,江海
1,3510,活下去
1,3511,孤單
1,3512,深夜
1,3513,渾然
1,3514,濤聲
1,3515,搖成
1,3516,船山
1,3517,鄰室
1,3518,妻岸
1,3519,味
1,3520,激怒
1,3521,哀愁
1,3522,尤其
1,3523,鈍腕血
1,3524,索取
1,3525,來此
1,3526,意義
1,3527,近旁
1,3528,筆觸
1,3529,多麼
1,3530,輕細
1,3531,認為
1,3532,緊要
1,3533,耳語
1,3534,保證
1,3535,睡下
1,3536,傳給
1,3537,接走
1,3538,耿耿
1,3539,世途
1,3540,上樓
1,3541,彎
1,3542,停停
1,3543,走走
1,3544,合腳
1,3545,緣份
1,3546,崎嶇
1,3547,碎石
1,3548,泥沙
1,3549,路途
1,3550,狠狠
1,3551,跨
1,3552,撫摸
1,3553,外型
1,3554,慣
1,3555,體溫
1,3556,新鞋
1,3557,終點
1,3558,任何
1,3559,鞋子
1,3560,送行
1,3561,具
1,3562,軀體
1,3563,綺夢
1,3564,囈
1,3565,夢見
1,3566,熊
1,3567,甲蟲
1,3568,蝶
1,3569,西西
1,3570,膀胱
1,3571,施
1,3572,遠召
1,3573,地獄
1,3574,旅
1,3575,惺忪
1,3576,隨著
1,3577,淙淙
1,3578,一瀉
1,3579,竹骨旋
1,3580,開成
1,3581,清瘦
1,3582,字體
1,3583,錄
1,3584,闋
1,3585,填
1,3586,輾轉
1,3587,託
1,3588,代贈
1,3589,聊拂
1,3590,殘暑
1,3591,落款
1,3592,日期
1,3593,寅年
1,3594,立秋
1,3595,曆書
1,3596,扇子
1,3597,西子
1,3598,灣頭
1,3599,眺望
1,3600,何嘗
1,3601,白起
1,3602,來處
1,3603,太陽旗
1,3604,夷燒彈
1,3605,娃兒
1,3606,八年
1,3607,挖
1,3608,地瓜
1,3609,螢火
1,3610,驟雨
1,3611,揀
1,3612,銀杏
1,3613,白果
1,3614,桐油
1,3615,烤
1,3616,出香熟
1,3617,剝剝
1,3618,黃葛樹
1,3619,奔流
1,3620,猶如
1,3621,沉穩
1,3622,川話
1,3623,滂沱
1,3624,聲浪
1,3625,巴
1,3626,山君
1,3627,布穀
1,3628,未有
1,3629,九百
1,3630,望白
1,3631,蘇家
1,3632,遊子
1,3633,混茫
1,3634,巴峽
1,3635,回不了
1,3636,題
1,3637,竹
1,3638,北回歸線
1,3639,夏炎
1,3640,冰肌玉骨
1,3641,無汗
1,3642,遠去
1,3643,台海
1,3644,個山國
1,3645,敵機
1,3646,文革
1,3647,天府
1,3648,巫峰
1,3649,鎖住
1,3650,今日
1,3651,浸
1,3652,派來
1,3653,遺失
1,3654,曖昧
1,3655,幽光
1,3656,有待
1,3657,考證
1,3658,古跡
1,3659,清輝
1,3660,豈非
1,3661,雅
1,3662,罪
1,3663,猛然
1,3664,隱私
1,3665,撞破
1,3666,透
1,3667,婆娑
1,3668,挾
1,3669,鏡鬼月
1,3670,吹了
1,3671,回顧回顧
1,3672,遠樓
1,3673,正念
1,3674,俯望俯望
1,3675,遠窗
1,3676,暮春
1,3677,三月
1,3678,江南草
1,3679,暖風
1,3680,改向
1,3681,蒲公
1,3682,艷艷
1,3683,燒著
1,3684,望海
1,3685,酸澀
1,3686,返照
1,3687,夕陽
1,3688,認生
1,3689,西湖
1,3690,太湖
1,3691,多藕
1,3692,菱
1,3693,玄武
1,3694,隱
1,3695,根深藤密
1,3696,一代代
1,3697,久別
1,3698,龍孫
1,3699,龍年
1,3700,龍子
1,3701,雞犬大劫
1,3702,登高日
1,3703,石頭城
1,3704,風塵
1,3705,東渡
1,3706,如今
1,3707,回波
1,3708,歸渡
1,3709,羽族
1,3710,紅尾伯勞
1,3711,灰面鷹鷲
1,3712,多災
1,3713,忍受
1,3714,運動
1,3715,踏上
1,3716,解除
1,3717,四萬萬
1,3718,十億
1,3719,天塹
1,3720,庚信
1,3721,痛哭
1,3722,陸游
1,3723,寬
1,3724,縱剖
1,3725,深藍
1,3726,一百多
1,3727,老莫
1,3728,海關
1,3729,鄉關
1,3730,情怯
1,3731,十萬萬
1,3732,山東半島
1,3733,天山
1,3734,甸甸
1,3735,壓上
1,3736,承受得起
1,3737,憤於
1,3738,偏安
1,3739,卡羅萊納
1,3740,湖北
1,3741,湖南
1,3742,淺斟低唱
1,3743,有期
1,3744,悠悠的
1,3745,渺渺
1,3746,百多
1,3747,跨過
1,3748,大半生
1,3749,小鎮
1,3750,電影
1,3751,民初
1,3752,院落
1,3753,苔深
1,3754,鎖
1,3755,回螢人
1,3756,回老桂
1,3757,迷藏
1,3758,遊伴
1,3759,魚缸
1,3760,假山
1,3761,長堤
1,3762,堤末
1,3763,貨櫃
1,3764,巨舶
1,3765,紅日
1,3766,克莉絲蒂
1,3767,大廳
1,3768,敲下去
1,3769,三千九百萬
1,3770,元
1,3771,高價
1,3772,緊張
1,3773,呼吸
1,3774,驚羨
1,3775,焦
1,3776,鬆
1,3777,嘴
1,3778,三十七
1,3779,會場
1,3780,手槍
1,3781,羊癲瘋
1,3782,日記
1,3783,和信
1,3784,病床
1,3785,弟弟
1,3786,迸成
1,3787,向日葵
1,3788,鎧甲
1,3789,握住
1,3790,弓箭
1,3791,長矛
1,3792,鉦鼓
1,3793,突然間
1,3794,轉身
1,3795,兩千
1,3796,沙場
1,3797,奔去
1,3798,加入
1,3799,一行行
1,3800,一列列
1,3801,威稜
1,3802,鬍髭
1,3803,不馴
1,3804,吃驚
1,3805,走避
1,3806,幸好
1,3807,長年
1,3808,陰間
1,3809,幽暗
1,3810,曝光
1,3811,開口
1,3812,濃厚
1,3813,秦腔
1,3814,兼
1,3815,古調
1,3816,聽得
1,3817,清楚
1,3818,河岸
1,3819,漢
1,3820,西安
1,3821,事變
1,3822,棋局
1,3823,射
1,3824,進
1,3825,桃花源
1,3826,今世
1,3827,瞞
1,3828,始皇
1,3829,車同軌
1,3830,書同文
1,3831,威武
1,3832,黑旗
1,3833,到交址
1,3834,傳到
1,3835,滿坑滿谷
1,3836,陶俑
1,3837,嚴整
1,3838,紀律
1,3839,曰
1,3840,無衣
1,3841,王于
1,3842,興師
1,3843,修
1,3844,戈矛
1,3845,祖龍
1,3846,統統
1,3847,不料
1,3848,番邦
1,3849,黑漆漆
1,3850,禁閉
1,3851,重整
1,3852,隊伍
1,3853,眉目
1,3854,嘩
1,3855,喧嚷
1,3856,轉入
1,3857,血肉
1,3858,轉眼
1,3859,朽
1,3860,陪葬
1,3861,貴人
1,3862,兵馬
1,3863,阿房宮
1,3864,火災
1,3865,搶救
1,3866,隔代
1,3867,人質
1,3868,俘虜
1,3869,三緘其口
1,3870,豈止
1,3871,尊
1,3872,始作俑者
1,3873,無後
1,3874,尊貴
1,3875,後人
1,3876,皇帝
1,3877,遁入
1,3878,徐福
1,3879,男女
1,3880,奉派
1,3881,探討
1,3882,長生
1,3883,弦
1,3884,泠泠
1,3885,起更
1,3886,龍眼樹
1,3887,召來
1,3888,古穆
1,3889,滑下
1,3890,飄落
1,3891,石階
1,3892,山風
1,3893,澗水
1,3894,悠揚
1,3895,就伴
1,3896,爐煙
1,3897,初結
1,3898,龍眼
1,3899,飛越
1,3900,化作
1,3901,六龜
1,3902,涼
1,3903,尾摺
1,3904,白色
1,3905,紙船
1,3906,投給
1,3907,投船
1,3908,髮正黑
1,3909,白人
1,3910,髮恨
1,3911,水流
1,3912,輕描淡寫
1,3913,捉摸
1,3914,淺藍
1,3915,蠱惑
1,3916,四樓
1,3917,長窗
1,3918,欺負
1,3919,眺海
1,3920,遠目
1,3921,截止
1,3922,白沫
1,3923,騷然
1,3924,起起落落
1,3925,分開
1,3926,縫
1,3927,多詭秘
1,3928,鍊頭
1,3929,拉開
1,3930,面具
1,3931,遙遙的
1,3932,日夕
1,3933,開來
1,3934,黑石
1,3935,潮比
1,3936,翻白
1,3937,苦笑
1,3938,深厚
1,3939,縛
1,3940,梗
1,3941,喉頭
1,3942,放鬆
1,3943,下手線
1,3944,偷窺
1,3945,子夜
1,3946,私自
1,3947,別過頭
1,3948,複瓣
1,3949,雪肌
1,3950,迷情
1,3951,單單
1,3952,驚怯
1,3953,明豔微
1,3954,着
1,3955,金粉
1,3956,皎
1,3957,夕仙凡
1,3958,苦等
1,3959,永久
1,3960,回味
1,3961,偶
1,3962,海氣
1,3963,陰寒
1,3964,沉痛
1,3965,重負
1,3966,壓低
1,3967,餘音
1,3968,纜索
1,3969,桅檣
1,3970,桅頂
1,3971,星像
1,3972,夜景
1,3973,隔膜
1,3974,頻震
1,3975,重噸
1,3976,貨櫃輪
1,3977,鐵灰
1,3978,舷影峭
1,3979,匍行
1,3980,小艇
1,3981,渾厚
1,3982,男低音
1,3983,駭人
1,3984,遠征
1,3985,荒漠
1,3986,東經
1,3987,西經
1,3988,低緯
1,3989,高緯
1,3990,暗礁
1,3991,冰山
1,3992,險峽
1,3993,人魚
1,3994,暴風雨
1,3995,約
1,3996,灰濛濛
1,3997,叛雲
1,3998,逆浪
1,3999,決戰
1,4000,繞過
1,4001,躲避
1,4002,風波
1,4003,氣象台
1,4004,衛星圖
1,4005,氣壓
1,4006,去向
1,4007,撞上
1,4008,惡劣
1,4009,罷了
1,4010,觸動
1,4011,腔膛
1,4012,共鳴
1,4013,孤傲
1,4014,港灣
1,4015,海洋
1,4016,貨輪
1,4017,悲壯
1,4018,安全
1,4019,出去
1,4020,冒險
1,4021,選擇
1,4022,蛋糕
1,4023,紅燭
1,4024,風神
1,4025,遠遠近近
1,4026,根本
1,4027,那怕
1,4028,烘托
1,4029,下落
1,4030,身邊
1,4031,需
1,4032,還給
1,4033,唐
1,4034,末
1,4035,史
1,4036,男人
1,4037,電筒
1,4038,守洞
1,4039,野人
1,4040,燧人氏
1,4041,煙囪
1,4042,純淨
1,4043,河川
1,4044,骯髒
1,4045,發酵
1,4046,僵硬
1,4047,充滿
1,4048,心胸
1,4049,夜晚
1,4050,形狀
1,4051,友誼
1,4052,擁抱
1,4053,拜
1,4054,感激
1,4055,勞累
1,4056,告別
1,4057,領袖
1,4058,結論
1,4059,焦點
1,4060,攀爬
1,4061,半腰天風
1,4062,野雲
1,4063,陽剛
1,4064,石塔
1,4065,眼光
1,4066,合力
1,4067,舉到
1,4068,抓緊
1,4069,斗笠
1,4070,候鳥
1,4071,山坡
1,4072,高粱
1,4073,荒地
1,4074,草木
1,4075,尖山
1,4076,獨立
1,4077,海久昂
1,4078,奇幻
1,4079,斜光
1,4080,影
1,4081,不可能
1,4082,絢麗
1,4083,一針針
1,4084,赤金
1,4085,鱗
1,4086,紅拂
1,4087,守望
1,4088,揮動
1,4089,風旗
1,4090,奔向
1,4091,銀盔
1,4092,翻
1,4093,銀蹄
1,4094,壯闊
1,4095,列隊
1,4096,就位
1,4097,討海
1,4098,顛簸
1,4099,水路
1,4100,順風
1,4101,索討
1,4102,鮮活
1,4103,滿艙
1,4104,慶賀
1,4105,網輕
1,4106,逃過一劫
1,4107,幽幽的
1,4108,近處
1,4109,黑闃闃
1,4110,地形
1,4111,水光
1,4112,銀夢裏
1,4113,驟生
1,4114,夭亡
1,4115,剎那
1,4116,驚嘆
1,4117,轉瞬
1,4118,繁華
1,4119,樹浪放
1,4120,蓬
1,4121,上開
1,4122,死前
1,4123,到來
1,4124,淘
1,4125,淘淘
1,4126,浪淘沙
1,4127,年輪
1,4128,來世
1,4129,前生
1,4130,悠悠忽忽
1,4131,翻認
1,4132,收留
1,4133,終年
1,4134,下海
1,4135,一遍遍
1,4136,演
1,4137,砂
1,4138,蒼老
1,4139,細白
1,4140,青花瓷
1,4141,水陸
1,4142,交易
1,4143,攤位
1,4144,珊瑚
1,4145,貝殼
1,4146,不計
1,4147,琢磨
1,4148,沙粒
1,4149,揉
1,4150,搓洗
1,4151,出人寵
1,4152,光澤
1,4153,水精
1,4154,寶盒
1,4155,珍品
1,4156,大方
1,4157,交換
1,4158,假期
1,4159,垃圾
1,4160,香菸
1,4161,盒子
1,4162,啤酒罐
1,4163,八瑤
1,4164,清清
1,4165,淡水
1,4166,右迴
1,4167,下坡
1,4168,約會
1,4169,呼喊
1,4170,砂洲
1,4171,攔住
1,4172,擱淺
1,4173,木船
1,4174,灌
1,4175,肥滿
1,4176,奔瀉
1,4177,禁令
1,4178,衝開
1,4179,大喝
1,4180,高崖
1,4181,奔放
1,4182,充沛
1,4183,清白
1,4184,最高處
1,4185,瀉沫飛珠
1,4186,呼駭裏一
1,4187,縱而
1,4188,萬壑
1,4189,嚇阻
1,4190,擋不了
1,4191,活水
1,4192,絕路
1,4193,生路
1,4194,山外
1,4195,你等
1,4196,棵
1,4197,露骨
1,4198,羅列
1,4199,龍骨
1,4200,蛟筋
1,4201,雜錯
1,4202,蟠踞
1,4203,海妖
1,4204,千肢蠕
1,4205,蠢
1,4206,絆
1,4207,一跤
1,4208,青翠
1,4209,頑根撐
1,4210,空際
1,4211,頑固
1,4212,岩石
1,4213,欺人
1,4214,風勢
1,4215,較
1,4216,摔跤
1,4217,拚
1,4218,錚錚
1,4219,傲骨
1,4220,咆嘯
1,4221,狂飆
1,4222,脆利
1,4223,禽語
1,4224,森林
1,4225,底細
1,4226,挖土機
1,4227,叫門
1,4228,濃蔭
1,4229,翠影
1,4230,擴音機
1,4231,午寐
1,4232,石隙
1,4233,石縫
1,4234,湧來
1,4235,黃髮細頸
1,4236,青石
1,4237,縱容
1,4238,幼稚
1,4239,頑童
1,4240,過路
1,4241,禿禿
1,4242,青石族
1,4243,潮聲
1,4244,繼續
1,4245,苦思
1,4246,想必
1,4247,比較
1,4248,緯度
1,4249,過客
1,4250,兩翼
1,4251,雲程
1,4252,幾千
1,4253,但願
1,4254,蜥蜴
1,4255,蛇
1,4256,獵
1,4257,晴空
1,4258,溫暖
1,4259,可愛
1,4260,滿足
1,4261,使徒
1,4262,素妝
1,4263,爬來
1,4264,飛去
1,4265,飛回
1,4266,哲學家
1,4267,提防
1,4268,闖進
1,4269,採
1,4270,袋網
1,4271,針穿腸成
1,4272,栩栩如生
1,4273,好幾
1,4274,預備
1,4275,愣住
1,4276,法術
1,4277,墨綠
1,4278,巨靈
1,4279,掙開
1,4280,羅網
1,4281,南灣
1,4282,騎上
1,4283,背脊
1,4284,跳成
1,4285,池塘
1,4286,漂泊
1,4287,暮年
1,4288,託付給
1,4289,櫂
1,4290,託給
1,4291,北征
1,4292,似海
1,4293,洞庭
1,4294,乾坤
1,4295,夔府
1,4296,江陵
1,4297,公安
1,4298,岳陽
1,4299,耒陽
1,4300,癘瘴
1,4301,洪濤
1,4302,兵燹
1,4303,溽
1,4304,暴漲
1,4305,棹
1,4306,冒
1,4307,病倒
1,4308,漢陽
1,4309,襄陽
1,4310,胡塵
1,4311,渭水
1,4312,回京
1,4313,猶崢漢
1,4314,陵闕
1,4315,鎮
1,4316,出峽
1,4317,雲夢
1,4318,西顧
1,4319,巴蜀
1,4320,關進
1,4321,巫山
1,4322,峻
1,4323,瞿塘
1,4324,草堂
1,4325,主
1,4326,苔蘚
1,4327,侵入
1,4328,屐痕
1,4329,小松
1,4330,所手栽
1,4331,過人
1,4332,蹇驢
1,4333,駑馬
1,4334,棧道
1,4335,塵
1,4336,峽
1,4337,望劍外
1,4338,水國
1,4339,羨
1,4340,近旅
1,4341,十四年
1,4342,聽范陽
1,4343,鼙鼓
1,4344,擂
1,4345,驚潰五陵
1,4346,爐冷
1,4347,魚龍
1,4348,詩名
1,4349,酒友
1,4350,偃
1,4351,嚴武
1,4352,高適
1,4353,麾旗
1,4354,傷心地
1,4355,堪
1,4356,回楫
1,4357,病骨
1,4358,京兆
1,4359,大雁塔
1,4360,一字
1,4361,舊遊
1,4362,岑參
1,4363,雁陣
1,4364,盼
1,4365,札
1,4366,音訊
1,4367,白帝城
1,4368,擣衣
1,4369,杵擣打
1,4370,鄉心
1,4371,悲笳
1,4372,多堞
1,4373,山樓
1,4374,窄峽深峭
1,4375,猿嘯
1,4376,激起
1,4377,消受
1,4378,況
1,4379,李龜年
1,4380,舊歌
1,4381,戰前
1,4382,管弦
1,4383,下嚥
1,4384,蠻荊
1,4385,重逢
1,4386,尾聲
1,4387,臨
1,4388,穎李娘健
1,4389,邊城
1,4390,弟子
1,4391,夭矯
1,4392,公孫
1,4393,舞袖
1,4394,街頭
1,4395,顧客
1,4396,南薰殿
1,4397,毫
1,4398,出神
1,4399,駿
1,4400,澤國
1,4401,水鄉
1,4402,真個
1,4403,漁父
1,4404,盟結
1,4405,船尾
1,4406,白衣
1,4407,寒友
1,4408,連日
1,4409,陰霖
1,4410,長沙
1,4411,疑竹雨蘆風
1,4412,湘靈
1,4413,鼓瑟
1,4414,哭舳
1,4415,太傅
1,4416,艫
1,4417,禹墳
1,4418,九疑
1,4419,墳
1,4420,瀟湘
1,4421,接汨羅
1,4422,淋灕
1,4423,古魂
1,4424,迴流
1,4425,盤渦
1,4426,蘭槳
1,4427,迴眸
1,4428,帝子
1,4429,簇擁
1,4430,救起
1,4431,屈子
1,4432,傍
1,4433,楓
1,4434,幻景
1,4435,衝起
1,4436,四五
1,4437,夢舟
1,4438,合上
1,4439,楚辭
1,4440,蕭條
1,4441,隱几
1,4442,漏雨
1,4443,看老妻用青楓
1,4444,生火
1,4445,燒飯
1,4446,嗆
1,4447,艙尾
1,4448,何曾
1,4449,西施
1,4450,弄槳
1,4451,范蠡
1,4452,猿啼
1,4453,楓岸
1,4454,洪波
1,4455,淼漫
1,4456,泊向
1,4457,渚荒洲
1,4458,空載
1,4459,風癱
1,4460,肺
1,4461,份
1,4462,生恐
1,4463,詩句
1,4464,馬的
1,4465,乘浪
1,4466,絡繹
1,4467,歸客
1,4468,背囊
1,4469,西北
1,4470,鵓鴣
1,4471,牛蛙
1,4472,呼群
1,4473,丹田
1,4474,勃發
1,4475,中氣
1,4476,撼動
1,4477,潮濕
1,4478,寂
1,4479,裸夏
1,4480,鼾呼
1,4481,濃茶
1,4482,卷
1,4483,細味雨
1,4484,苦澀
1,4485,魔幻
1,4486,自杯
1,4487,嶺南
1,4488,瘴氣
1,4489,荒雨
1,4490,驢撥
1,4491,負
1,4492,楞
1,4493,嚴
1,4494,陶
1,4495,踏
1,4496,屈原
1,4497,韓愈
1,4498,征途
1,4499,霜髯
1,4500,飄拂趙
1,4501,官家
1,4502,驛站
1,4503,一線
1,4504,浩藍
1,4505,阻絕
1,4506,參寥師
1,4507,苦海
1,4508,南溟
1,4509,汴京
1,4510,擺佈
1,4511,值
1,4512,臨風
1,4513,長嘯
1,4514,貶謫
1,4515,賈誼
1,4516,壯遊
1,4517,獨啖滿
1,4518,荔枝
1,4519,絳
1,4520,渴
1,4521,妃子
1,4522,憑欄
1,4523,九百年
1,4524,雪泥
1,4525,化盡
1,4526,鴻爪
1,4527,低迴
1,4528,瓊州
1,4529,煙水
1,4530,豪放
1,4531,附
1,4532,長吟
1,4533,海南
1,4534,起處
1,4535,舟人
1,4536,一齊
1,4537,愕指
1,4538,海霧
1,4539,杯緣
1,4540,朽木
1,4541,門檻
1,4542,提起
1,4543,腳跟
1,4544,乾隆
1,4545,狹長
1,4546,杉木桌
1,4547,裂痕
1,4548,漢人
1,4549,條凳
1,4550,四下
1,4551,裏坐開柱
1,4552,跚跚
1,4553,守廟
1,4554,文山
1,4555,包種
1,4556,盅
1,4557,端來
1,4558,茶香
1,4559,石柱
1,4560,簷
1,4561,裏沉浮
1,4562,青釉
1,4563,盆栽
1,4564,睏
1,4565,嬌小
1,4566,花貓
1,4567,佛燈
1,4568,闌珊
1,4569,睡著
1,4570,香案
1,4571,側面
1,4572,笑吟吟
1,4573,籤詩
1,4574,階
1,4575,終身大事
1,4576,懷民
1,4577,嚷嚷
1,4578,銅鐘
1,4579,清玄
1,4580,正色
1,4581,神明
1,4582,戲言
1,4583,神荼
1,4584,鬱壘
1,4585,袍甲
1,4586,鄙睨
1,4587,河聲入
1,4588,車聲
1,4589,進城
1,4590,輪滾
1,4591,水歸
1,4592,分給
1,4593,妙相曼顏隔水
1,4594,目拜
1,4595,生出
1,4596,左顧
1,4597,右眄波
1,4598,紫竹
1,4599,香客
1,4600,映水
1,4601,纖姿
1,4602,改變
1,4603,及
1,4604,難忘
1,4605,黛髻
1,4606,青鬟
1,4607,異鄉
1,4608,嘯響
1,4609,嘯醒
1,4610,小寐
1,4611,海濤
1,4612,水怪
1,4613,貪頑
1,4614,俯首
1,4615,普渡
1,4616,悲憫
1,4617,洲
1,4618,群鷺
1,4619,上下
1,4620,涉水
1,4621,依戀
1,4622,古渡
1,4623,回應
1,4624,無不
1,4625,聽聞
1,4626,私禱
1,4627,默默
1,4628,請求
1,4629,全許
1,4630,陰山
1,4631,驚濤
1,4632,匡盧
1,4633,瀑布
1,4634,無中生有
1,4635,可是
1,4636,傾側
1,4637,西來
1,4638,讓給
1,4639,蘇
1,4640,弟
1,4641,踞
1,4642,傲慢
1,4643,不見了
1,4644,難民
1,4645,馬
1,4646,羌笛
1,4647,交踐
1,4648,苦吟
1,4649,自從
1,4650,佯狂
1,4651,魔咒
1,4652,藏起
1,4653,太太
1,4654,尋不到
1,4655,長安城
1,4656,天長
1,4657,明天
1,4658,扁舟
1,4659,破浪
1,4660,果然
1,4661,樹敵
1,4662,欲殺
1,4663,酒入豪腸
1,4664,釀成
1,4665,嘯成
1,4666,劍氣
1,4667,繡口
1,4668,開元
1,4669,洛陽
1,4670,冠蓋
1,4671,滿途車騎
1,4672,囂
1,4673,絕句
1,4674,輕叩
1,4675,噹
1,4676,彈挑
1,4677,乃
1,4678,難堪
1,4679,謎
1,4680,籍貫
1,4681,隴西
1,4682,山東
1,4683,青蓮鄉
1,4684,碎葉城
1,4685,不如歸去
1,4686,醉處
1,4687,天才
1,4688,下場
1,4689,猿
1,4690,啼不住
1,4691,苦勸
1,4692,囚窗
1,4693,五友
1,4694,霧鎖
1,4695,爐火
1,4696,純
1,4697,丹砂
1,4698,追躡葛洪袖
1,4699,流霞
1,4700,樽
1,4701,月影
1,4702,一生
1,4703,痴痴
1,4704,二十四
1,4705,歸程
1,4706,招鶴
1,4707,只消
1,4708,扔
1,4709,詭綠
1,4710,閃光
1,4711,囚
1,4712,六十二年
1,4713,追求
1,4714,藥爐
1,4715,妙異
1,4716,開闔
1,4717,入神
1,4718,毫尖
1,4719,人面
1,4720,鳥心
1,4721,遠足
1,4722,攀
1,4723,最高峰
1,4724,錦雲
1,4725,招手
1,4726,列聖列賢
1,4727,孔廟
1,4728,廡
1,4729,羨慕
1,4730,自稱
1,4731,狂妄
1,4732,自大
1,4733,幸而
1,4734,儒巾
1,4735,長笑
1,4736,大笑
1,4737,杯底
1,4738,微笑
1,4739,正當
1,4740,竊笑
1,4741,冷笑
1,4742,狂笑
1,4743,壓倒
1,4744,搥胸
1,4745,慟哭
1,4746,楚
1,4747,儒冠
1,4748,自有
1,4749,更新
1,4750,廟規
1,4751,方巾
1,4752,人耳畔
1,4753,鼓起
1,4754,撲動
1,4755,左右
1,4756,掙扎
1,4757,飛出
1,4758,不須
1,4759,風向
1,4760,飛走
1,4761,頂上
1,4762,雪線
1,4763,黑松林
1,4764,皚皚
1,4765,觸目驚心
1,4766,早白
1,4767,降幡
1,4768,仙凡
1,4769,母胎
1,4770,嚴峻
1,4771,後母
1,4772,造化
1,4773,配戴
1,4774,獨登
1,4775,一峰
1,4776,死滅
1,4777,訴老
1,4778,海拔
1,4779,足夠
1,4780,自豪
1,4781,路遙
1,4782,自命
1,4783,老驥
1,4784,伏櫪
1,4785,附耳
1,4786,內燃
1,4787,火山
1,4788,聽低嘯
1,4789,內燃機
1,4790,運轉
1,4791,不息
1,4792,幾乎
1,4793,煞
1,4794,踢踏
1,4795,七月
1,4796,滾動
1,4797,刑訊
1,4798,逼視
1,4799,無辜
1,4800,要人
1,4801,供出
1,4802,遲早
1,4803,煮熟
1,4804,蛋黃
1,4805,熱氳氳
1,4806,大氣
1,4807,凝固
1,4808,蛋白
1,4809,夜裏
1,4810,暑氛
1,4811,暗絨
1,4812,不定
1,4813,燥
1,4814,急
1,4815,火螢
1,4816,成千
1,4817,屏風
1,4818,死寂
1,4819,灼傷
1,4820,雀鳥
1,4821,航空線
1,4822,北緯
1,4823,名城
1,4824,相繼
1,4825,零零落落
1,4826,電扇
1,4827,繼晝
1,4828,圍城
1,4829,巷戰
1,4830,汗衫
1,4831,雨衣
1,4832,酸雨
1,4833,霎時
1,4834,背上
1,4835,吐出
1,4836,似有似無
1,4837,鹽花
1,4838,自醃
1,4839,一尾尾
1,4840,睡眠
1,4841,火坑
1,4842,煎魚
1,4843,煎熟
1,4844,左面
1,4845,煎
1,4846,右面
1,4847,反覆
1,4848,慘白
1,4849,扇獄窗
1,4850,來臨
1,4851,炎陽
1,4852,瞋
1,4853,鎂光
1,4854,巨瞳
1,4855,監視
1,4856,氣暈迷
1,4857,祟
1,4858,熱魘
1,4859,閃幻
1,4860,清風
1,4861,阻
1,4862,小暑
1,4863,旱
1,4864,酷
1,4865,聲嘶力竭
1,4866,傳記
1,4867,喉
1,4868,蒸發
1,4869,兩頰
1,4870,蠕
1,4871,南極
1,4872,時速
1,4873,冰風領
1,4874,灰天
1,4875,分寸
1,4876,爭
1,4877,雪葬
1,4878,無痕
1,4879,峽谷
1,4880,凍斃
1,4881,絕糧
1,4882,探險隊
1,4883,排長
1,4884,冷夢
1,4885,雪人
1,4886,融化
1,4887,蠟像館
1,4888,中任風
1,4889,鑿子
1,4890,借
1,4891,把風
1,4892,矛
1,4893,冰斧
1,4894,酷暑
1,4895,蓬茸
1,4896,暑燄
1,4897,寒顫
1,4898,圍巾
1,4899,蟬嘶
1,4900,遺恨
1,4901,朦朧
1,4902,落地
1,4903,搖椅
1,4904,搖入
1,4905,忽然間
1,4906,天崩
1,4907,塌
1,4908,暴
1,4909,半夜
1,4910,偵探
1,4911,照明彈
1,4912,手攝出
1,4913,驚愕
1,4914,失色
1,4915,樹色獰
1,4916,密蟠
1,4917,一爆
1,4918,雲層
1,4919,反彈
1,4920,雷霆
1,4921,衛隊
1,4922,火力
1,4923,摧猛雷
1,4924,迫擊炮
1,4925,轟
1,4926,十幾
1,4927,金光
1,4928,迸發
1,4929,連發激
1,4930,光槍
1,4931,頑壁
1,4932,打孔
1,4933,穿洞
1,4934,衝到
1,4935,觀戰
1,4936,燃睫
1,4937,乍亮乍盲
1,4938,進行
1,4939,嘯風
1,4940,部隊
1,4941,長驅
1,4942,大軍
1,4943,原野
1,4944,響徹
1,4945,歡呼
1,4946,炎旱
1,4947,掃除
1,4948,垂死
1,4949,肺全
1,4950,恣酣
1,4951,百千億兆
1,4952,樹葉
1,4953,舔唇搖舌
1,4954,快餐
1,4955,雷隊
1,4956,撤退
1,4957,戰後
1,4958,陣地
1,4959,掃雷
1,4960,雨兵
1,4961,清理
1,4962,空隆
1,4963,隆重
1,4964,炮
1,4965,拖盡
1,4966,雲洞裏
1,4967,放生
1,4968,煎熬
1,4969,泳向
1,4970,取出
1,4971,沫
1,4972,啤酒
1,4973,喝盡
1,4974,料東
1,4975,起頭
1,4976,激戰
1,4977,白濛濛
1,4978,雨氣浮
1,4979,安寧
1,4980,蛙群
1,4981,清地淨
1,4982,讚嘆
1,4983,不只
1,4984,白紗
1,4985,裁縫
1,4986,羅帳
1,4987,星雲
1,4988,靉靉
1,4989,纖洞細孔
1,4990,有點
1,4991,捕
1,4992,網總
1,4993,飛不進
1,4994,嗜血
1,4995,黑衫
1,4996,只好
1,4997,怨吟
1,4998,放進
1,4999,怯怯的
1,5000,蟲鳴
1,5001,禪味
1,5002,蚊香
1,5003,招人
1,5004,入夢
1,5005,幻境
1,5006,蜿蜒
1,5007,赤紅
1,5008,鷹隼
1,5009,明霜露
1,5010,警醒
1,5011,出爐
1,5012,從不
1,5013,生鏽
1,5014,陽光
1,5015,神刀
1,5016,抖擻
1,5017,絕早
1,5018,東方
1,5019,地平線光
1,5020,出鞘
1,5021,舉
1,5022,鐘樓
1,5023,崇高
1,5024,方位
1,5025,鐘
1,5026,齊鳴
1,5027,落處
1,5028,精確
1,5029,平分
1,5030,等分
1,5031,圓晶晶
1,5032,殘缺
1,5033,刀鋒
1,5034,兩旁
1,5035,南海
1,5036,風浪
1,5037,寞寞
1,5038,圓月
1,5039,光輝
1,5040,兩岸
1,5041,晝
1,5042,消瘦
1,5043,豐滿
1,5044,恐怕
1,5045,加多
1,5046,單枕
1,5047,起站
1,5048,終站
1,5049,光開
1,5050,私鏡姮娥
1,5051,投影
1,5052,用海雲
1,5053,翻尋
1,5054,晚熟
1,5055,地老天荒
1,5056,鼻子
1,5057,限時信
1,5058,艷開如蕊
1,5059,千燈
1,5060,萬燈
1,5061,秋空
1,5062,驚歎
1,5063,路燈
1,5064,剩下
1,5065,杏色
1,5066,地角
1,5067,橘火
1,5068,杏光
1,5069,參宿
1,5070,商
1,5071,伸
1,5072,長手
1,5073,觸及
1,5074,邊疆
1,5075,玉色
1,5076,電話機
1,5077,音樂盒
1,5078,撥動
1,5079,十孔盤
1,5080,妙秘
1,5081,六孔
1,5082,輪盤
1,5083,旋轉
1,5084,舉手
1,5085,急診
1,5086,誘惑
1,5087,養成
1,5088,一百年
1,5089,十孔
1,5090,魔盤
1,5091,候神
1,5092,祭壇
1,5093,怎敢
1,5094,亂撥
1,5095,長途
1,5096,召喚
1,5097,下身
1,5098,守護
1,5099,關窗
1,5100,飛碟群
1,5101,降落
1,5102,禁錮
1,5103,玻璃塔
1,5104,七一
1,5105,一級
1,5106,步聲踏向
1,5107,戍樓
1,5108,震
1,5109,斜成
1,5110,無可
1,5111,挽救
1,5112,危城
1,5113,第三
1,5114,震破
1,5115,玻璃窗
1,5116,七七
1,5117,脆脆
1,5118,形成
1,5119,裏清
1,5120,靈靈
1,5121,朗朗
1,5122,全塌
1,5123,落得
1,5124,星期六
1,5125,跌下來
1,5126,笑靨
1,5127,接住
1,5128,梳柄象
1,5129,牙齒
1,5130,鬢梳來
1,5131,百年
1,5132,三萬六千
1,5133,拱橋
1,5134,水流水
1,5135,冲
1,5136,逝去
1,5137,梳回
1,5138,烏烏
1,5139,墜盪
1,5140,耳垂
1,5141,紅靨渦
1,5142,守衛
1,5143,眉下
1,5144,間諜隊
1,5145,佈下
1,5146,魚尾
1,5147,溝
1,5148,偷
1,5149,原籍
1,5150,轉世
1,5151,所以
1,5152,隨便
1,5153,湖岸
1,5154,河堤
1,5155,逸去
1,5156,斑馬線
1,5157,踊
1,5158,過街
1,5159,方才
1,5160,悟
1,5161,水逸
1,5162,土遁
1,5163,不顧
1,5164,白膩
1,5165,磁
1,5166,留待
1,5167,深夜燈
1,5168,細看
1,5169,漾開
1,5170,旋律
1,5171,指引
1,5172,橢圓
1,5173,蹁
1,5174,扁
1,5175,缺
1,5176,惱
1,5177,封底
1,5178,瞳眸
1,5179,小我
1,5180,則
1,5181,最早
1,5182,嚴寒
1,5183,艷
1,5184,隆冬
1,5185,高樓
1,5186,夜詠
1,5187,驚寵疑
1,5188,聊齋
1,5189,傾吐
1,5190,不滿
1,5191,清淺
1,5192,楚楚動人處
1,5193,風骨
1,5194,雞年
1,5195,元夜
1,5196,雞心
1,5197,二月
1,5198,十九
1,5199,十四
1,5200,殉情
1,5201,空餘
1,5202,仙渺
1,5203,喧桃
1,5204,囂李爭
1,5205,磁缽
1,5206,塔檐
1,5207,懸掛
1,5208,微震
1,5209,不停
1,5210,蠱人
1,5211,不勝
1,5212,除非
1,5213,鈴
1,5214,摘掉
1,5215,推倒
1,5216,寒光
1,5217,聲響
1,5218,冰刃
1,5219,峻挺
1,5220,透進
1,5221,搖晃
1,5222,徐
1,5223,劇毒
1,5224,青芒
1,5225,田光
1,5226,瀝膽
1,5227,樊於
1,5228,期
1,5229,濺血所淬亮
1,5230,燕
1,5231,縷血
1,5232,喪命
1,5233,註定
1,5234,暢飲
1,5235,蜂眼
1,5236,腥血
1,5237,稱慶
1,5238,高懸
1,5239,宮柱
1,5240,獨夫
1,5241,喘氣
1,5242,長劍
1,5243,恨血
1,5244,箕踞
1,5245,腿
1,5246,壯舉
1,5247,熱淚
1,5248,森冷
1,5249,頭風
1,5250,叩筑
1,5251,聲裏
1,5252,垂涕
1,5253,蝟怒成亂戟
1,5254,裂眶
1,5255,睥睨
1,5256,匣
1,5257,斷頭
1,5258,白斷
1,5259,奮張
1,5260,看上
1,5261,不得
1,5262,場面
1,5263,秦舞陽
1,5264,驚怖
1,5265,猶自
1,5266,藥囊散
1,5267,捲
1,5268,餘悸
1,5269,時機
1,5270,秦德正
1,5271,黑徽
1,5272,大口
1,5273,噴出
1,5274,回燕市
1,5275,屠
1,5276,弟兄
1,5277,們醉
1,5278,悲歌
1,5279,發光
1,5280,燙痛
1,5281,志士
1,5282,瞳
1,5283,學書學
1,5284,隆
1,5285,醉臥
1,5286,醒破關
1,5287,料到
1,5288,陳
1,5289,結交
1,5290,吳廣
1,5291,可恨
1,5292,韓
1,5293,公子
1,5294,狙擊
1,5295,百二
1,5296,大椎
1,5297,劈空
1,5298,冕
1,5299,博
1,5300,浪沙
1,5301,未明
1,5302,候
1,5303,褐衣
1,5304,鞋踢
1,5305,兵書
1,5306,揣
1,5307,懷裏
1,5308,星羅
1,5309,佈滿
1,5310,局
1,5311,贏家
1,5312,棋變
1,5313,輸家
1,5314,關外
1,5315,公雞
1,5316,等第
1,5317,曙光
1,5318,旗下
1,5319,轟出
1,5320,插
1,5321,楚兵千炬
1,5322,吞恨
1,5323,不久
1,5324,民間
1,5325,搜集
1,5326,兵器
1,5327,鑄成
1,5328,緘口
1,5329,醒目
1,5330,似的
1,5331,無意間
1,5332,笑開
1,5333,鑲黑
1,5334,紅葩
1,5335,行人道
1,5336,烘熟
1,5337,街景
1,5338,嘀嘀鵓
1,5339,鴣鴣
1,5340,野地
1,5341,正北
1,5342,顏彩
1,5343,花童
1,5344,橘
1,5345,花下
1,5346,新沐
1,5347,授意
1,5348,木
1,5349,棉花
1,5350,撥開
1,5351,一張張
1,5352,剝開
1,5353,茂生
1,5354,花瓣
1,5355,四顧
1,5356,粲然
1,5357,恰
1,5358,蕊心處
1,5359,穀雨
1,5360,酥酥
1,5361,美濃
1,5362,油紙
1,5363,撐起
1,5364,鷓鴣
1,5365,點點滴滴
1,5366,和平東路
1,5367,廈門街
1,5368,探進
1,5369,薄暮
1,5370,鄰里
1,5371,放下
1,5372,凡是
1,5373,深長
1,5374,雨巷
1,5375,泥
1,5376,踏出
1,5377,才能
1,5378,信封
1,5379,方
1,5380,郵戳
1,5381,扁扁
1,5382,心情
1,5383,印烙
1,5384,泥濘
1,5385,乳白
1,5386,信紙
1,5387,鴿子
1,5388,信箋
1,5389,藍色
1,5390,淺
1,5391,計劃
1,5392,梵谷
1,5393,徐悲鴻
1,5394,畫架
1,5395,官話
1,5396,友長街短
1,5397,行不得也
1,5398,黑傘
1,5399,黃泥
1,5400,水田
1,5401,土廟
1,5402,水牛
1,5403,白鷺
1,5404,水墨
1,5405,畫圖
1,5406,記起
1,5407,似地
1,5408,一來
1,5409,往
1,5410,長多
1,5411,天真
1,5412,深知
1,5413,刺刺
1,5414,嘶嘶
1,5415,惜別
1,5416,參參
1,5417,差差
1,5418,一連
1,5419,害
1,5420,竟是
1,5421,膿包
1,5422,摸黑
1,5423,來犯
1,5424,頂多
1,5425,行徑
1,5426,壯士斷腕
1,5427,森羅
1,5428,手術臺
1,5429,內患
1,5430,金剛
1,5431,護士
1,5432,諸
1,5433,菩薩
1,5434,降魔
1,5435,蓮花燈
1,5436,妖擒
1,5437,刀痕
1,5438,記
1,5439,新生
1,5440,不宜
1,5441,既然
1,5442,說話
1,5443,像話
1,5444,降級
1,5445,含混
1,5446,呻吟
1,5447,吞
1,5448,雙關語法
1,5449,貼上
1,5450,膏藥
1,5451,用來
1,5452,黑蟠蟠
1,5453,簽名
1,5454,焰紅到燼紫
1,5455,有效
1,5456,期間
1,5457,追過
1,5458,秋日
1,5459,流行
1,5460,詠嘆
1,5461,鼓盪
1,5462,鄉情
1,5463,歌吟
1,5464,搖船
1,5465,沃美
1,5466,台
1,5467,低昂
1,5468,嗓
1,5469,紅綵
1,5470,妹妹
1,5471,紅豆詞
1,5472,滿江紅
1,5473,退
1,5474,漲唱
1,5475,頭老
1,5476,歌者
1,5477,逢
1,5478,海景
1,5479,縱好非
1,5480,闊葉
1,5481,樹蔭
1,5482,如遠潮
1,5483,驚見
1,5484,迎面
1,5485,走過來
1,5486,滿眼
1,5487,憧憬
1,5488,到巷腰
1,5489,對視
1,5490,彼此
1,5491,怎麼樣
1,5492,熱切
1,5493,可笑
1,5494,到時候
1,5495,笑笑
1,5496,不如
1,5497,還要
1,5498,可怕
1,5499,橄欖
1,5500,核
1,5501,鼓
1,5502,尖響晴
1,5503,早晚
1,5504,嗅到
1,5505,人歸
1,5506,雜貨店
1,5507,婦人
1,5508,鄰居
1,5509,笑容
1,5510,六年
1,5511,棟
1,5512,門口
1,5513,算是
1,5514,菜市場
1,5515,發胖
1,5516,老闆娘
1,5517,白菜
1,5518,提籃
1,5519,妻
1,5520,跟班
1,5521,全翻
1,5522,亡
1,5523,巴拉維
1,5524,唐山
1,5525,毀
1,5526,棺
1,5527,黑囚
1,5528,牛棚裏
1,5529,熟金
1,5530,秋陽裏
1,5531,蟲歸
1,5532,潛水
1,5533,秋風
1,5534,紅旗
1,5535,石橋
1,5536,上等
1,5537,湫湫
1,5538,蝙蝠
1,5539,喑啞
1,5540,盲目
1,5541,展盡
1,5542,骨稜稜
1,5543,倒掛
1,5544,烏衣幫
1,5545,眾魂
1,5546,家家戶戶
1,5547,好高騖遠
1,5548,躍躍
1,5549,鳶
1,5550,輕飄飄
1,5551,穿進
1,5552,濛鴻
1,5553,悍
1,5554,氣象
1,5555,斷似
1,5556,挽
1,5557,鳶影
1,5558,逍遙
1,5559,雲族霞裔
1,5560,長非
1,5561,仙袂
1,5562,儼然
1,5563,假
1,5564,空虛
1,5565,八號
1,5566,吊起
1,5567,中國海
1,5568,澎
1,5569,澎澎湃湃
1,5570,黑岸笞
1,5571,一道道
1,5572,安穩
1,5573,謠言
1,5574,鼻尖
1,5575,氣候
1,5576,搖撼搖撼
1,5577,鞭打鞭打
1,5578,輕易
1,5579,噩夢
1,5580,敢於
1,5581,目
1,5582,數驚聽
1,5583,噚
1,5584,來潮
1,5585,水謫
1,5586,葦
1,5587,富有
1,5588,反感
1,5589,分外
1,5590,遲到
1,5591,當歸
1,5592,望東
1,5593,望北
1,5594,高歌
1,5595,泣
1,5596,泣血
1,5597,泣淚
1,5598,不合
1,5599,舊創
1,5600,裂口
1,5601,暴雨
1,5602,地久
1,5603,孟姜女
1,5604,地雷
1,5605,結果
1,5606,酸果
1,5607,苦果
1,5608,岬
1,5609,思
1,5610,舊友
1,5611,故國
1,5612,窗黑邃
1,5613,讀書燈
1,5614,讀書
1,5615,詩燈
1,5616,低誦
1,5617,沉吟
1,5618,付亂草
1,5619,凝望
1,5620,給他
1,5621,倘若
1,5622,伏案
1,5623,眠
1,5624,烏髮
1,5625,熟透
1,5626,黑甜
1,5627,故土
1,5628,城頭
1,5629,迷鏡
1,5630,河山
1,5631,秋後
1,5632,縹
1,5633,一拭
1,5634,探人
1,5635,炯炯
1,5636,肝腸
1,5637,古鏡
1,5638,照照
1,5639,故園
1,5640,戶戶
1,5641,家家
1,5642,天台
1,5643,天線
1,5644,割碎
1,5645,裂
1,5646,創傷
1,5647,人共
1,5648,破鏡
1,5649,抬頭
1,5650,山色
1,5651,咫尺
1,5652,煙雲
1,5653,繚
1,5654,北望
1,5655,仙人掌
1,5656,碧螺黛
1,5657,迤邐
1,5658,連環
1,5659,疊嶂
1,5660,重巒
1,5661,湘
1,5662,楚煙
1,5663,山長水
1,5664,炊黃梁
1,5665,浪子歌
1,5666,荒古
1,5667,鴻濛
1,5668,完
1,5669,爐
1,5670,赤霞
1,5671,盤古
1,5672,瘦耳
1,5673,天安門
1,5674,碧海
1,5675,走下
1,5676,飄過
1,5677,迷樓
1,5678,海螺
1,5679,螺
1,5680,樣品
1,5681,典故
1,5682,黑濕
1,5683,雨樹
1,5684,撿回來
1,5685,嬰拳
1,5686,巴掌
1,5687,得了
1,5688,紅蝕碧
1,5689,葉面
1,5690,凍斑
1,5691,冷風
1,5692,齧
1,5693,齒痕
1,5694,雨漬
1,5695,拈向
1,5696,訝
1,5697,主流
1,5698,支流
1,5699,紋路
1,5700,惑
1,5701,秘圖
1,5702,斑爛
1,5703,浪外誤
1,5704,歲末
1,5705,輕巧
1,5706,島形
1,5707,山系
1,5708,葉莖
1,5709,河譜縮地
1,5710,仙術
1,5711,基隆
1,5712,藍水
1,5713,宛若
1,5714,其中
1,5715,河上
1,5716,溫溫馴馴
1,5717,三三五五
1,5718,盪漾
1,5719,端午尾
1,5720,寒
1,5721,霏霏島
1,5722,蟬韻
1,5723,暑假
1,5724,河裏
1,5725,東飛
1,5726,夜蛙晝蟬
1,5727,攫
1,5728,吼
1,5729,密西西比
1,5730,狂藍
1,5731,狂瀾
1,5732,洶
1,5733,驚駭
1,5734,巷弄
1,5735,弄巷底
1,5736,更深
1,5737,窄巷
1,5738,圍牆樹
1,5739,酒冰
1,5740,空氣
1,5741,清真
1,5742,誘人
1,5743,讚美
1,5744,守秘
1,5745,雨傘
1,5746,歌魂琴魄
1,5747,接短
1,5748,摺進
1,5749,散場
1,5750,空惘用
1,5751,緞帶
1,5752,繫住
1,5753,套
1,5754,迷惑
1,5755,長風遠雲
1,5756,七百
1,5757,水程
1,5758,宛轉
1,5759,仙人島
1,5760,鷗非
1,5761,箋傳
1,5762,幾日
1,5763,苦眺委
1,5764,委曲曲
1,5765,紙摺
1,5766,話摺
1,5767,心折
1,5768,嘆
1,5769,也罷
1,5770,水西湄
1,5771,東浦
1,5772,傳郵
1,5773,逼人
1,5774,烽火
1,5775,錦霞
1,5776,溫
1,5777,絢縵
1,5778,黑下來
1,5779,黑成
1,5780,便於
1,5781,小紅
1,5782,蠟
1,5783,纖細
1,5784,箋信
1,5785,著上
1,5786,左端
1,5787,喚
1,5788,遙應
1,5789,憐惜
1,5790,微微
1,5791,如許
1,5792,彼
1,5793,皺藍透
1,5794,深更
1,5795,永夜
1,5796,茉莉
1,5797,香起
1,5798,三十三
1,5799,天窗
1,5800,七千
1,5801,煢煢
1,5802,第九
1,5803,低嗔
1,5804,下方
1,5805,烏雲
1,5806,驟合
1,5807,重幔仰顧
1,5808,下邊
1,5809,記不記得
1,5810,結束
1,5811,選有
1,5812,雀斑
1,5813,迷人
1,5814,初選
1,5815,末選
1,5816,褐斑
1,5817,耳背
1,5818,唇角
1,5819,眉尖為
1,5820,添上
1,5821,汗斑
1,5822,信不信
1,5823,靨
1,5824,美妙
1,5825,印痕
1,5826,不例外
1,5827,耳環
1,5828,經不起
1,5829,盪過去
1,5830,盪過來
1,5831,遺忘
1,5832,看似
1,5833,斷絕
1,5834,油酥
1,5835,斷繩
1,5836,蜿蜿
1,5837,詠歎
1,5838,井口
1,5839,汲水人
1,5840,汲水
1,5841,夏至
1,5842,一日
1,5843,霧迷
1,5844,含羞草
1,5845,霧裏
1,5846,簪
1,5847,紫花
1,5848,相傳
1,5849,可望
1,5850,褻
1,5851,養
1,5852,接觸
1,5853,觸
1,5854,鐵絲網
1,5855,凝眸
1,5856,墮
1,5857,子彈
1,5858,嘯
1,5859,奈公
1,5860,蘆葦
1,5861,探照燈
1,5862,警告
1,5863,巡邏艇
1,5864,咆哮
1,5865,鯊魚
1,5866,墮海
1,5867,血水
1,5868,湧上來
1,5869,歷歷
1,5870,染眉
1,5871,黛
1,5872,欺
1,5873,山疊
1,5874,重疊
1,5875,掠波
1,5876,水水
1,5877,山嵐
1,5878,海氣全
1,5879,檣
1,5880,終日
1,5881,裏驍
1,5882,騰騰
1,5883,兀自
1,5884,神駒刷動
1,5885,雙耳
1,5886,驚詫
1,5887,似遠
1,5888,一千多
1,5889,居庸關
1,5890,念邊草
1,5891,月明秦
1,5892,關峙
1,5893,漢代
1,5894,大唐
1,5895,雄風
1,5896,自古
1,5897,驛道
1,5898,盡頭
1,5899,鬃
1,5900,飄動
1,5901,剌四蹄
1,5902,剌千蹄踏萬蹄蹴
1,5903,塵土
1,5904,巨鼓
1,5905,青史
1,5906,野史
1,5907,鞍上鐙
1,5908,引頸
1,5909,寥落
1,5910,蹄印
1,5911,矣
1,5912,俱
1,5913,失群
1,5914,孤駿
1,5915,玻璃櫃
1,5916,軟綿綿
1,5917,綢
1,5918,墊子
1,5919,馳
1,5920,起戰塵看修鬣
1,5921,短尾
1,5922,瞋目
1,5923,暖黃
1,5924,彩釉
1,5925,身縱
1,5926,哨
1,5927,踢破
1,5928,夢境
1,5929,碎
1,5930,穹廬
1,5931,觱
1,5932,篥
1,5933,弓弩手
1,5934,窮
1,5935,熊覬狼覦
1,5936,新敵
1,5937,氈帽
1,5938,壓眉
1,5939,碧眼
1,5940,暗中
1,5941,黑龍江
1,5942,重機槍
1,5943,雄赳赳
1,5944,驊騮
1,5945,魔
1,5946,施蠱縮
1,5947,寵物
1,5948,幽禁
1,5949,親狎
1,5950,賞玩
1,5951,隔音
1,5952,芳草
1,5953,襯蹄
1,5954,循環
1,5955,跑道
1,5956,軒昂
1,5957,龍裔
1,5958,銀杯
1,5959,銀盾
1,5960,看台
1,5961,昔日
1,5962,子子孫孫
1,5963,患得患失
1,5964,觀
1,5965,坐定
1,5966,諳
1,5967,騎術
1,5968,誦馬經
1,5969,走遍
1,5970,海港
1,5971,靈秀
1,5972,燈臺
1,5973,穩
1,5974,修挺
1,5975,燈罩
1,5976,典雅
1,5977,花邊
1,5978,華蓋
1,5979,黃暈
1,5980,黑漓漓
1,5981,淋濕
1,5982,分擔
1,5983,相守
1,5984,親密
1,5985,迴風
1,5986,地廓
1,5987,單獨
1,5988,鬼神
1,5989,頭枕
1,5990,方枕千枕渡
1,5991,不同
1,5992,同一
1,5993,永寂
1,5994,肘邊
1,5995,火把
1,5996,遠裔
1,5997,酣
1,5998,低沉
1,5999,燦然
1,6000,邃黑扎
1,6001,洞
1,6002,著火
1,6003,荒老
1,6004,星穹
1,6005,用心
1,6006,瓶口
1,6007,驚聞
1,6008,瓶底
1,6009,厭
1,6010,妙響
1,6011,澄澈
1,6012,舉世
1,6013,逆耳
1,6014,噪音
1,6015,合
1,6016,世界廳
1,6017,內海
1,6018,心血來潮
1,6019,退潮
1,6020,納
1,6021,漲潮
1,6022,嘯聲
1,6023,豪健
1,6024,出竅
1,6025,精神
1,6026,總歸
1,6027,於是
1,6028,終止
1,6029,競爭
1,6030,力量
1,6031,分神
1,6032,失手
1,6033,踏過界
1,6034,繩索
1,6035,對手
1,6036,踉蹌
1,6037,拔河
1,6038,競渡
1,6039,擊鼓
1,6040,恆
1,6041,前方
1,6042,引路
1,6043,漂
1,6044,冤纏荇藻
1,6045,洗滌
1,6046,江
1,6047,躍
1,6048,波濤
1,6049,汀芷浦蘭
1,6050,現今
1,6051,招魂
1,6052,亡魂
1,6053,流浪
1,6054,詩族詩裔
1,6055,涉沅濟湘
1,6056,四起
1,6057,深圳河
1,6058,壘壘
1,6059,烏頭
1,6060,新白青
1,6061,標點
1,6062,溺海
1,6063,下鬼窺神覬
1,6064,燈熄
1,6065,同黯
1,6066,不管
1,6067,迷離
1,6068,斑駁
1,6069,蘇軾
1,6070,阿姆斯壯
1,6071,靴印
1,6072,頓時
1,6073,掃興
1,6074,踏下
1,6075,千秋
1,6076,清虛
1,6077,逃婦
1,6078,宮闕
1,6079,石岡
1,6080,也許
1,6081,去處
1,6082,步月
1,6083,舉頭
1,6084,月明星稀
1,6085,阿瞞
1,6086,情懷
1,6087,烏鵲無枝
1,6088,舉觴
1,6089,為杯
1,6090,杯底隔渡
1,6091,六七
1,6092,孔明燈
1,6093,驚叫
1,6094,蠱魅
1,6095,燈籠
1,6096,放大鏡
1,6097,數
1,6098,鉗子
1,6099,鉗來鉗去
1,6100,敏捷
1,6101,奴隸
1,6102,精靈
1,6103,拐來
1,6104,詭計
1,6105,拐到
1,6106,鋼圓門
1,6107,依
1,6108,迴紋
1,6109,滴水
1,6110,緊密
1,6111,中心
1,6112,推動
1,6113,磨坊
1,6114,世紀
1,6115,分秒
1,6116,涓涓
1,6117,號稱
1,6118,閘門
1,6119,漏
1,6120,工廠
1,6121,答答
1,6122,歇工
1,6123,悄悄
1,6124,切切
1,6125,嚼
1,6126,單調
1,6127,機聲
1,6128,咀嚼
1,6129,慢板
1,6130,調
1,6131,律動
1,6132,冷鋼
1,6133,最初
1,6134,新血
1,6135,童真
1,6136,兔子
1,6137,遙遙
1,6138,前面
1,6139,鋼
1,6140,接近
1,6141,細心
1,6142,敲奏
1,6143,繃
1,6144,凜然
1,6145,猙獰
1,6146,稜角
1,6147,敵意
1,6148,藏
1,6149,手背
1,6150,骨
1,6151,坦露
1,6152,著手
1,6153,緊握
1,6154,堅硬
1,6155,真正
1,6156,清澄
1,6157,大為
1,6158,何只
1,6159,纖瘦
1,6160,繼
1,6161,似絕
1,6162,抽紗
1,6163,曠寂
1,6164,旁白
1,6165,耳際
1,6166,無意
1,6167,竊
1,6168,私語
1,6169,終究
1,6170,參
1,6171,泄漏
1,6172,禁絕
1,6173,噤
1,6174,嘿
1,6175,眾口
1,6176,聖人
1,6177,韻聽
1,6178,歌謠
1,6179,吟唱
1,6180,挑起
1,6181,稀稀
1,6182,嫋
1,6183,哀嘯
1,6184,落月鎮
1,6185,缸
1,6186,清水
1,6187,澀澀
1,6188,念孩
1,6189,常用
1,6190,明礬
1,6191,無家可歸
1,6192,夜歸
1,6193,歸人
1,6194,三等車
1,6195,半枕
1,6196,站上
1,6197,姑且
1,6198,車廂
1,6199,忘憂
1,6200,搖海
1,6201,兒歌
1,6202,安眠
1,6203,獅子山
1,6204,淒涼
1,6205,驟變
1,6206,一塊塊
1,6207,戳成明
1,6208,依樣
1,6209,頭條
1,6210,孕育
1,6211,四百萬
1,6212,壓住
1,6213,賸
1,6214,個頭
1,6215,外黑
1,6216,幸
1,6217,敲打
1,6218,郵簡
1,6219,凄然
1,6220,鏗然
1,6221,鐵輪
1,6222,彈奏
1,6223,起到
1,6224,反反
1,6225,復復
1,6226,剪
1,6227,輾
1,6228,生澀
1,6229,相連
1,6230,久絕
1,6231,末梢
1,6232,特別
1,6233,小站
1,6234,月台
1,6235,分出
1,6236,輕脆
1,6237,搥
1,6238,轟天撼地
1,6239,貨車
1,6240,腥臊
1,6241,薰人
1,6242,窒
1,6243,閉氣
1,6244,豬車
1,6245,菜
1,6246,菜根
1,6247,舌根
1,6248,鄉親
1,6249,老媼
1,6250,帶大
1,6251,慈祥
1,6252,唐音宋調
1,6253,周稼漢耕
1,6254,醒鼻
1,6255,似曾相識
1,6256,土腔
1,6257,展顏
1,6258,笑臉
1,6259,波動
1,6260,舅母
1,6261,外婆
1,6262,山縣
1,6263,水村
1,6264,灶
1,6265,井邊
1,6266,走近
1,6267,走進去
1,6268,童話
1,6269,六十年
1,6270,白石
1,6271,灼熱
1,6272,餘溫
1,6273,元氣
1,6274,破土
1,6275,出化
1,6276,雛菊
1,6277,眷顧
1,6278,臂膀
1,6279,乳名
1,6280,叫做
1,6281,五四
1,6282,洪亮
1,6283,鬧醒
1,6284,古國
1,6285,鴉片煙
1,6286,濃霧
1,6287,驚魘
1,6288,交替
1,6289,孤兒
1,6290,三代
1,6291,拜墳
1,6292,黑頭黃郎
1,6293,白頭
1,6294,周公
1,6295,斑頭
1,6296,高階
1,6297,仰瞻
1,6298,孺慕
1,6299,甘冒
1,6300,亞熱帶
1,6301,嘶蟬
1,6302,溽暑
1,6303,不覺
1,6304,絕頂
1,6305,松風
1,6306,北京
1,6307,坡底千窗
1,6308,一幢幢
1,6309,新寓檣
1,6310,櫓接波撼
1,6311,市聲
1,6312,香港仔
1,6313,海獸
1,6314,舔盡
1,6315,擰熄
1,6316,一熄
1,6317,夢到
1,6318,枕畔
1,6319,航向
1,6320,馬鞍山
1,6321,曉日
1,6322,接縫處
1,6323,羈愁
1,6324,邊境燈
1,6325,讀
1,6326,古巫
1,6327,召魂術
1,6328,隱約
1,6329,老杜
1,6330,三召楚
1,6331,斟
1,6332,觸肘
1,6333,詩魂
1,6334,神遊
1,6335,於幽昧
1,6336,青燈
1,6337,樟樹
1,6338,灘
1,6339,細煙
1,6340,火車
1,6341,緊貼
1,6342,寒水
1,6343,騷動
1,6344,曠闊
1,6345,驚起
1,6346,三兩
1,6347,敻
1,6348,邈
1,6349,洩漏
1,6350,幽谷
1,6351,山坳
1,6352,秘處
1,6353,含羞
1,6354,挽留
1,6355,絢爛
1,6356,半山
1,6357,天籟
1,6358,鳥聲
1,6359,岑寂
1,6360,蟲聲
1,6361,茫昧
1,6362,貪
1,6363,嗜
1,6364,浮金
1,6365,潛紫
1,6366,不忍
1,6367,抬
1,6368,林黑透
1,6369,柯
1,6370,風燈
1,6371,蹙眉
1,6372,癟嘴
1,6373,螢光幕
1,6374,神色
1,6375,黯澹
1,6376,涕淚
1,6377,強忍
1,6378,大象
1,6379,哽
1,6380,花生米
1,6381,徹骨
1,6382,酸疼
1,6383,舌底
1,6384,澀苦
1,6385,認了
1,6386,馴騾
1,6387,高手
1,6388,進門
1,6389,跌跤
1,6390,兩百
1,6391,週年
1,6392,慶典
1,6393,飄散
1,6394,馬克
1,6395,出宮
1,6396,結局
1,6397,代價
1,6398,蝟集
1,6399,垛
1,6400,承
1,6401,狄克
1,6402,同謀
1,6403,水門案
1,6404,從犯
1,6405,捷克
1,6406,波蘭
1,6407,立陶宛
1,6408,感恩
1,6409,火雞
1,6410,誤
1,6411,俄
1,6412,萬里長城
1,6413,雉堞
1,6414,散步
1,6415,茅台
1,6416,喬治亞州
1,6417,平原鎮
1,6418,聖地
1,6419,百
1,6420,林肯
1,6421,語錄
1,6422,誦吉米
1,6423,自傳
1,6424,自白書
1,6425,陰謀
1,6426,顛覆
1,6427,民主黨
1,6428,私通
1,6429,古巴
1,6430,謠傳
1,6431,充軍
1,6432,阿拉斯加
1,6433,為伍
1,6434,夏威夷
1,6435,關島
1,6436,加油站
1,6437,罰
1,6438,工人
1,6439,象背
1,6440,寬厚
1,6441,非虎背
1,6442,象
1,6443,下跪
1,6444,從容
1,6445,滾落
1,6446,塵埃
1,6447,憂騾蹄
1,6448,來騾僮象僕
1,6449,開千牆萬壁
1,6450,照片
1,6451,掛
1,6452,前任
1,6453,打叉
1,6454,塗成象鬼騾神
1,6455,燈盞
1,6456,昏暗
1,6457,海面
1,6458,夢幻
1,6459,水城
1,6460,午夜
1,6461,驚疑
1,6462,未定
1,6463,黃金城
1,6464,樓火
1,6465,對流
1,6466,半圓
1,6467,鍊
1,6468,曳網
1,6469,船隊
1,6470,通宵
1,6471,眠為
1,6472,海鮮
1,6473,無饜
1,6474,饞嘴
1,6475,眾生
1,6476,痛楚
1,6477,惶愧
1,6478,漁夫
1,6479,盤中
1,6480,魚骨
1,6481,空骸
1,6482,白梳
1,6483,餘金鱗鱗
1,6484,三點兩
1,6485,港上
1,6486,渡輪
1,6487,海諸峰
1,6488,遂
1,6489,長睫
1,6490,灰色
1,6491,垂落
1,6492,眼波
1,6493,扇面
1,6494,抵得住
1,6495,來襲
1,6496,迤長
1,6497,山盤水轉
1,6498,來路
1,6499,彼岸
1,6500,波遠風長
1,6501,並
1,6502,矗
1,6503,水塔
1,6504,斜錯
1,6505,海蠱
1,6506,凭
1,6507,廬山真面目
1,6508,前塵
1,6509,訝樓
1,6510,蕈
1,6511,裝得下
1,6512,馬鞍
1,6513,朝暾
1,6514,八仙
1,6515,列簇坐
1,6516,開會
1,6517,山人
1,6518,封面
1,6519,清霜
1,6520,扉頁
1,6521,冊
1,6522,瓜香
1,6523,果香
1,6524,月滿
1,6525,菊滿
1,6526,炒栗子
1,6527,螃蟹
1,6528,引誘
1,6529,港口
1,6530,街角
1,6531,酒樓
1,6532,豔
1,6533,遠山
1,6534,灣湛湛
1,6535,藍仰
1,6536,幻幻
1,6537,無憾
1,6538,臨去
1,6539,簽上
1,6540,永垂不朽
1,6541,寄來
1,6542,霜餘
1,6543,齒印
1,6544,血印
1,6545,夾
1,6546,秋興
1,6547,成為
1,6548,書籤
1,6549,萬無一失
1,6550,密語
1,6551,傳送
1,6552,穠邃
1,6553,髮叢
1,6554,雕刻
1,6555,左鬢
1,6556,右鬢
1,6557,幽徑
1,6558,暗通
1,6559,限時專送
1,6560,快樂
1,6561,投信人
1,6562,送信人
1,6563,用微啟
1,6564,複瓣月季
1,6565,耳輪
1,6566,印上
1,6567,戳記
1,6568,髮絲
1,6569,撩人
1,6570,眸光
1,6571,綻開
1,6572,靨紅信
1,6573,君歸
1,6574,莽
1,6575,美麗島
1,6576,乍聚
1,6577,付
1,6578,中元
1,6579,一樓
1,6580,昂出
1,6581,酒酣相
1,6582,鯨飲原
1,6583,倒紹銘
1,6584,青衫
1,6585,東南
1,6586,堅持
1,6587,天數
1,6588,人物
1,6589,五四日
1,6590,沸
1,6591,起來
1,6592,挽住
1,6593,動起來
1,6594,迷人路
1,6595,松山
1,6596,歌行
1,6597,路難
1,6598,七四七一
1,6599,嘯異
1,6600,風雲
1,6601,崎嶇處
1,6602,大道
1,6603,陽關
1,6604,登樓
1,6605,壯士臺
1,6606,大人
1,6607,白日
1,6608,富於
1,6609,彈力
1,6610,選手
1,6611,超人
1,6612,三點
1,6613,看準
1,6614,刺地
1,6615,弓
1,6616,激射
1,6617,蹴
1,6618,蹴成
1,6619,旋腰
1,6620,迴身
1,6621,竿
1,6622,凌空
1,6623,醺
1,6624,降回
1,6625,地面
1,6626,高處
1,6627,必定
1,6628,勁
1,6629,站出來
1,6630,風險
1,6631,露天
1,6632,平靜
1,6633,不動聲色
1,6634,霍
1,6635,霍地
1,6636,招展
1,6637,鮮明
1,6638,鳴
1,6639,摑響
1,6640,正式
1,6641,眾目
1,6642,一同
1,6643,西北風
1,6644,風速
1,6645,探向
1,6646,冷鋒
1,6647,無顏
1,6648,旛
1,6649,躺下來
1,6650,休息
1,6651,國士
1,6652,遺體
1,6653,你我
1,6654,甘心
1,6655,流落
1,6656,俠隱
1,6657,傳聞傳聞
1,6658,單騎
1,6659,進出
1,6660,支
1,6661,冷箭
1,6662,東海
1,6663,熱浪
1,6664,西岸
1,6665,寒潮
1,6666,傳聞
1,6667,鷗啼
1,6668,獨身
1,6669,青絲
1,6670,雪楊牧自牧
1,6671,微灰
1,6672,浪漫
1,6673,純白
1,6674,驚心
1,6675,耳畔
1,6676,皎皎
1,6677,雪巔
1,6678,覆蓋
1,6679,西寧
1,6680,驚霜
1,6681,年齡
1,6682,不惑
1,6683,染髮劑
1,6684,休
1,6685,自誤
1,6686,黑白
1,6687,相映
1,6688,贏得
1,6689,繆斯
1,6690,垂青
1,6691,韻
1,6692,溫帶
1,6693,情
1,6694,黑人
1,6695,寧
1,6696,攀高
1,6697,仰攻
1,6698,西藏
1,6699,征服
1,6700,雪崩
1,6701,聽話
1,6702,驍迅
1,6703,招來
1,6704,肘
1,6705,氣流
1,6706,銳嘯
1,6707,竄過
1,6708,腋
1,6709,讓開
1,6710,嗖嗖
1,6711,無限
1,6712,劈
1,6713,撲來
1,6714,平川
1,6715,到蹄
1,6716,忽瀉
1,6717,急湍
1,6718,摩天
1,6719,肩胛
1,6720,背彎
1,6721,千樓
1,6722,難逃
1,6723,超速
1,6724,跛腳
1,6725,邊鏡
1,6726,魔鏡
1,6727,前景
1,6728,倏倏成
1,6729,天橋
1,6730,平交道
1,6731,洶湧
1,6732,人潮
1,6733,冷寂
1,6734,候診室
1,6735,苦候
1,6736,味裏
1,6737,剪刀
1,6738,瓷盤
1,6739,相碰
1,6740,精妙
1,6741,烈嘶
1,6742,驃捷
1,6743,是也
1,6744,鋼盔
1,6745,披
1,6746,風衣
1,6747,甲
1,6748,套長統
1,6749,馬靴
1,6750,猛張
1,6751,豪邁
1,6752,姿
1,6753,狂奔
1,6754,放開
1,6755,七十七
1,6756,八十八
1,6757,脅
1,6758,地平線
1,6759,逃走
1,6760,加油
1,6761,猜
1,6762,燈號
1,6763,色彩
1,6764,路標
1,6765,電子錶
1,6766,旗
1,6767,靶
1,6768,邊陲
1,6769,超過
1,6770,超成
1,6771,細瘦
1,6772,晚節
1,6773,茱萸
1,6774,齊名
1,6775,遲開
1,6776,仙籍
1,6777,大勇
1,6778,絕處
1,6779,求生
1,6780,九九
1,6781,劫日
1,6782,平地
1,6783,東風
1,6784,華裔
1,6785,桃
1,6786,逃之夭夭
1,6787,紅妝
1,6788,標舉
1,6789,列黃旗簇金劍
1,6790,耀眼
1,6791,長瓣昂
1,6792,肅殺
1,6793,徽號
1,6794,落英
1,6795,塚
1,6796,冷酷
1,6797,受
1,6798,感召
1,6799,梅花
1,6800,競發
1,6801,冰雪
1,6802,餘音嫋嫋
1,6803,釀酒
1,6804,久久
1,6805,禮拜
1,6806,怯生生
1,6807,孤伶伶
1,6808,新客
1,6809,誤闖
1,6810,遷出
1,6811,曉得
1,6812,戶內疑
1,6813,一絲絲
1,6814,笛韻
1,6815,清脆
1,6816,顫悠悠
1,6817,串音
1,6818,節
1,6819,薄紗
1,6820,一縷縷
1,6821,秋思
1,6822,撥弄
1,6823,露濕
1,6824,蠱於
1,6825,瓦罐
1,6826,銅壺
1,6827,瓶子
1,6828,聽出
1,6829,伸長
1,6830,頸子
1,6831,逃逸
1,6832,人定火熄
1,6833,忙碌
1,6834,泰國
1,6835,走私
1,6836,幫
1,6837,流竄
1,6838,無妨
1,6839,短笛
1,6840,弄
1,6841,隱士
1,6842,交界
1,6843,銀晶晶
1,6844,好聽
1,6845,為骨
1,6846,裁綾
1,6847,製
1,6848,輕風
1,6849,翠葉
1,6850,白瓣
1,6851,柔腕
1,6852,塘
1,6853,荷香
1,6854,浮動
1,6855,送來
1,6856,六六三十六
1,6857,摺扇
1,6858,請
1,6859,紅尾
1,6860,通
1,6861,荷塘
1,6862,幽境
1,6863,覓覓
1,6864,尋尋一驚
1,6865,宋詞
1,6866,膝頭
1,6867,轆轆
1,6868,正一
1,6869,電風扇
1,6870,莫可奈何
